,Name,Position,Year,G,FantPt,AvgFantPt,YINL
0,Jonathan Taylor,RB,2020.0,15,216.8,14.453333333333335,0
1,Jonathan Taylor,RB,2021.0,17,333.1,19.594117647058823,1
0,Cooper Kupp,WR,2017.0,15,114.9,7.66,0
1,Cooper Kupp,WR,2018.0,8,95.1,11.8875,1
2,Cooper Kupp,WR,2019.0,16,176.5,11.03125,2
3,Cooper Kupp,WR,2020.0,15,116.7,7.78,3
4,Cooper Kupp,WR,2021.0,17,294.5,17.323529411764707,4
0,Deebo Samuel,WR,2019.0,15,132.1,8.806666666666667,0
1,Deebo Samuel,WR,2020.0,7,47.7,6.814285714285715,1
2,Deebo Samuel,WR,2021.0,16,261.96,16.3725,2
0,Josh Allen,QB,2018.0,12,208.06,17.338333333333335,0
1,Josh Allen,QB,2019.0,16,288.56,18.035,1
2,Josh Allen,QB,2020.0,16,395.06,24.69125,2
3,Josh Allen,QB,2021.0,17,402.58,23.681176470588234,3
0,Austin Ekeler,RB,2017.0,16,79.9,4.99375,0
1,Austin Ekeler,RB,2018.0,14,129.8,9.271428571428572,1
2,Austin Ekeler,RB,2019.0,16,217.0,13.5625,2
3,Austin Ekeler,RB,2020.0,10,111.3,11.129999999999999,3
4,Austin Ekeler,RB,2021.0,16,273.8,17.1125,4
0,Justin Herbert,QB,2020.0,15,332.84,22.18933333333333,0
1,Justin Herbert,QB,2021.0,17,380.76,22.39764705882353,1
0,Tom Brady,QB,2000.0,1,0.24,0.24,0
1,Tom Brady,QB,2001.0,15,166.32,11.088,1
2,Tom Brady,QB,2002.0,16,245.56,15.3475,2
3,Tom Brady,QB,2003.0,16,215.1,13.44375,3
4,Tom Brady,QB,2004.0,16,224.48,14.03,4
5,Tom Brady,QB,2005.0,16,249.3,15.58125,5
6,Tom Brady,QB,2006.0,16,219.36,13.71,6
7,Tom Brady,QB,2007.0,16,390.04,24.3775,7
8,Tom Brady,QB,2008.0,1,3.04,3.04,8
9,Tom Brady,QB,2009.0,16,270.32,16.895,9
10,Tom Brady,QB,2010.0,16,299.0,18.6875,10
11,Tom Brady,QB,2011.0,16,366.3,22.89375,11
12,Tom Brady,QB,2012.0,16,340.28,21.2675,12
13,Tom Brady,QB,2013.0,16,251.52,15.72,13
14,Tom Brady,QB,2014.0,16,278.06,17.37875,14
15,Tom Brady,QB,2015.0,16,343.7,21.48125,15
16,Tom Brady,QB,2016.0,12,258.56,21.546666666666667,16
17,Tom Brady,QB,2017.0,16,295.88,18.4925,17
18,Tom Brady,QB,2018.0,16,280.3,17.51875,18
19,Tom Brady,QB,2019.0,16,263.68,16.48,19
20,Tom Brady,QB,2020.0,16,337.92,21.12,20
21,Tom Brady,QB,2021.0,17,374.74,22.043529411764705,21
0,Mark Andrews,TE,2018.0,16,73.2,4.575,0
1,Mark Andrews,TE,2019.0,15,143.2,9.546666666666665,1
2,Mark Andrews,TE,2020.0,14,112.1,8.007142857142856,2
3,Mark Andrews,TE,2021.0,17,194.1,11.41764705882353,3
0,Ja'Marr Chase,WR,2021.0,17,223.6,13.152941176470588,0
0,Justin Jefferson,WR,2020.0,16,186.2,11.6375,0
1,Justin Jefferson,WR,2021.0,17,222.4,13.08235294117647,1
0,Joe Mixon,RB,2017.0,14,111.3,7.95,0
1,Joe Mixon,RB,2018.0,14,200.4,14.314285714285715,1
2,Joe Mixon,RB,2019.0,16,190.4,11.9,2
3,Joe Mixon,RB,2020.0,6,78.6,13.1,3
4,Joe Mixon,RB,2021.0,16,245.9,15.36875,4
0,Davante Adams,WR,2014.0,16,62.6,3.9125,0
1,Davante Adams,WR,2015.0,13,56.3,4.3307692307692305,1
2,Davante Adams,WR,2016.0,16,171.7,10.73125,2
3,Davante Adams,WR,2017.0,14,148.5,10.607142857142858,3
4,Davante Adams,WR,2018.0,15,218.6,14.573333333333332,4
5,Davante Adams,WR,2019.0,12,129.7,10.808333333333332,5
6,Davante Adams,WR,2020.0,14,243.4,17.385714285714286,6
7,Davante Adams,WR,2021.0,16,221.3,13.83125,7
0,Patrick Mahomes,QB,2017.0,1,10.36,10.36,0
1,Patrick Mahomes,QB,2018.0,16,417.08,26.0675,1
2,Patrick Mahomes,QB,2019.0,14,287.04,20.502857142857145,2
3,Patrick Mahomes,QB,2020.0,15,374.4,24.959999999999997,3
4,Patrick Mahomes,QB,2021.0,17,361.66,21.274117647058826,4
0,Najee Harris,RB,2021.0,17,226.7,13.335294117647058,0
0,Travis Kelce,TE,2013.0,1,,,0
1,Travis Kelce,TE,2014.0,16,116.2,7.2625,1
2,Travis Kelce,TE,2015.0,16,117.5,7.34375,2
3,Travis Kelce,TE,2016.0,16,138.0,8.625,3
4,Travis Kelce,TE,2017.0,15,150.5,10.033333333333333,4
5,Travis Kelce,TE,2018.0,16,191.6,11.975,5
6,Travis Kelce,TE,2019.0,16,157.3,9.83125,6
7,Travis Kelce,TE,2020.0,15,207.76,13.850666666666665,7
8,Travis Kelce,TE,2021.0,16,170.8,10.675,8
0,James Conner,RB,2017.0,14,14.4,1.0285714285714287,0
1,James Conner,RB,2018.0,13,225.0,17.307692307692307,1
2,James Conner,RB,2019.0,10,111.5,11.15,2
3,James Conner,RB,2020.0,13,129.6,9.96923076923077,3
4,James Conner,RB,2021.0,15,220.7,14.713333333333333,4
0,Mike Evans,WR,2014.0,15,177.1,11.806666666666667,0
1,Mike Evans,WR,2015.0,15,136.6,9.106666666666666,1
2,Mike Evans,WR,2016.0,16,208.1,13.00625,2
3,Mike Evans,WR,2017.0,15,132.1,8.806666666666667,3
4,Mike Evans,WR,2018.0,16,204.4,12.775,4
5,Mike Evans,WR,2019.0,13,165.7,12.746153846153845,5
6,Mike Evans,WR,2020.0,16,178.6,11.1625,6
7,Mike Evans,WR,2021.0,16,188.5,11.78125,7
0,Aaron Rodgers,QB,2005.0,3,-2.6,-0.8666666666666667,0
1,Aaron Rodgers,QB,2006.0,2,0.94,0.47,1
2,Aaron Rodgers,QB,2007.0,2,15.62,7.81,2
3,Aaron Rodgers,QB,2008.0,16,290.22,18.13875,3
4,Aaron Rodgers,QB,2009.0,16,342.96,21.435,4
5,Aaron Rodgers,QB,2010.0,15,304.48,20.29866666666667,5
6,Aaron Rodgers,QB,2011.0,15,397.42,26.494666666666667,6
7,Aaron Rodgers,QB,2012.0,16,343.6,21.475,7
8,Aaron Rodgers,QB,2013.0,9,169.44,18.826666666666668,8
9,Aaron Rodgers,QB,2014.0,16,354.14,22.13375,9
10,Aaron Rodgers,QB,2015.0,16,301.24,18.8275,10
11,Aaron Rodgers,QB,2016.0,16,380.02,23.75125,11
12,Aaron Rodgers,QB,2017.0,7,129.6,18.514285714285712,12
13,Aaron Rodgers,QB,2018.0,16,312.58,19.53625,13
14,Aaron Rodgers,QB,2019.0,16,278.38,17.39875,14
15,Aaron Rodgers,QB,2020.0,16,382.26,23.89125,15
16,Aaron Rodgers,QB,2021.0,16,332.3,20.76875,16
0,Tyreek Hill,WR,2016.0,16,156.0,9.75,0
1,Tyreek Hill,WR,2017.0,15,170.2,11.346666666666666,1
2,Tyreek Hill,WR,2018.0,16,247.0,15.4375,2
3,Tyreek Hill,WR,2019.0,12,130.3,10.858333333333334,3
4,Tyreek Hill,WR,2020.0,15,241.9,16.12666666666667,4
5,Tyreek Hill,WR,2021.0,17,185.5,10.911764705882353,5
0,Matthew Stafford,QB,2009.0,10,125.48,12.548,0
1,Matthew Stafford,QB,2010.0,3,50.5,16.833333333333332,1
2,Matthew Stafford,QB,2011.0,16,343.32,21.4575,2
3,Matthew Stafford,QB,2012.0,16,275.58,17.22375,3
4,Matthew Stafford,QB,2013.0,16,278.9,17.43125,4
5,Matthew Stafford,QB,2014.0,16,251.58,15.72375,5
6,Matthew Stafford,QB,2015.0,16,289.78,18.11125,6
7,Matthew Stafford,QB,2016.0,16,279.78,17.48625,7
8,Matthew Stafford,QB,2017.0,16,273.64,17.1025,8
9,Matthew Stafford,QB,2018.0,16,212.18,13.26125,9
10,Matthew Stafford,QB,2019.0,8,166.56,20.82,10
11,Matthew Stafford,QB,2020.0,16,260.56,16.285,11
12,Matthew Stafford,QB,2021.0,17,329.74,19.396470588235296,12
0,Stefon Diggs,WR,2015.0,13,97.3,7.484615384615385,0
1,Stefon Diggs,WR,2016.0,13,109.3,8.407692307692308,1
2,Stefon Diggs,WR,2017.0,14,134.2,9.585714285714285,2
3,Stefon Diggs,WR,2018.0,15,164.3,10.953333333333335,3
4,Stefon Diggs,WR,2019.0,15,149.1,9.94,4
5,Stefon Diggs,WR,2020.0,16,201.6,12.6,5
6,Stefon Diggs,WR,2021.0,17,182.5,10.735294117647058,6
0,Ezekiel Elliott,RB,2016.0,15,293.4,19.56,0
1,Ezekiel Elliott,RB,2017.0,10,177.2,17.72,1
2,Ezekiel Elliott,RB,2018.0,15,252.1,16.806666666666665,2
3,Ezekiel Elliott,RB,2019.0,16,257.7,16.10625,3
4,Ezekiel Elliott,RB,2020.0,15,171.7,11.446666666666665,4
5,Ezekiel Elliott,RB,2021.0,17,205.06,12.06235294117647,5
0,Dak Prescott,QB,2016.0,16,286.88,17.93,0
1,Dak Prescott,QB,2017.0,16,260.66,16.29125,1
2,Dak Prescott,QB,2018.0,16,285.9,17.86875,2
3,Dak Prescott,QB,2019.0,16,337.78,21.11125,3
4,Dak Prescott,QB,2020.0,5,134.64,26.927999999999997,4
5,Dak Prescott,QB,2021.0,16,320.56,20.035,5
0,Nick Chubb,RB,2018.0,16,174.5,10.90625,0
1,Nick Chubb,RB,2019.0,16,219.2,13.7,1
2,Nick Chubb,RB,2020.0,12,191.7,15.975,2
3,Nick Chubb,RB,2021.0,14,195.3,13.950000000000001,3
0,Mike Williams,WR,2017.0,10,9.5,0.95,0
1,Mike Williams,WR,2018.0,16,137.2,8.575,1
2,Mike Williams,WR,2019.0,15,112.3,7.486666666666666,2
3,Mike Williams,WR,2020.0,15,105.7,7.046666666666667,3
4,Mike Williams,WR,2021.0,16,170.6,10.6625,4
0,D.K. Metcalf,WR,2019.0,16,129.1,8.06875,0
1,D.K. Metcalf,WR,2020.0,16,188.3,11.76875,1
2,D.K. Metcalf,WR,2021.0,17,169.3,9.958823529411765,2
0,Tyler Lockett,WR,2015.0,16,108.4,6.775,0
1,Tyler Lockett,WR,2016.0,15,83.1,5.54,1
2,Tyler Lockett,WR,2017.0,16,79.3,4.95625,2
3,Tyler Lockett,WR,2018.0,16,165.4,10.3375,3
4,Tyler Lockett,WR,2019.0,16,153.2,9.575,4
5,Tyler Lockett,WR,2020.0,16,165.4,10.3375,5
6,Tyler Lockett,WR,2021.0,16,168.4,10.525,6
0,Damien Harris,RB,2019.0,2,1.2,0.6,0
1,Damien Harris,RB,2020.0,10,86.3,8.629999999999999,1
2,Damien Harris,RB,2021.0,15,192.1,12.806666666666667,2
0,Joe Burrow,QB,2020.0,10,173.72,17.372,0
1,Joe Burrow,QB,2021.0,16,314.24,19.64,1
0,Diontae Johnson,WR,2019.0,16,104.1,6.50625,0
1,Diontae Johnson,WR,2020.0,15,134.0,8.933333333333334,1
2,Diontae Johnson,WR,2021.0,16,167.4,10.4625,2
0,Jalen Hurts,QB,2020.0,15,108.24,7.215999999999999,0
1,Jalen Hurts,QB,2021.0,15,312.16,20.81066666666667,1
0,Alvin Kamara,RB,2017.0,16,239.4,14.9625,0
1,Alvin Kamara,RB,2018.0,15,273.2,18.21333333333333,1
2,Alvin Kamara,RB,2019.0,14,167.52,11.965714285714286,2
3,Alvin Kamara,RB,2020.0,15,294.8,19.653333333333332,3
4,Alvin Kamara,RB,2021.0,13,187.7,14.438461538461537,4
0,Antonio Gibson ,RB,2020.0,14,166.2,11.87142857142857,0
1,Antonio Gibson ,RB,2021.0,16,187.1,11.69375,1
0,Leonard Fournette,RB,2017.0,13,194.2,14.938461538461537,0
1,Leonard Fournette,RB,2018.0,8,98.4,12.3,1
2,Leonard Fournette,RB,2019.0,15,183.4,12.226666666666667,2
3,Leonard Fournette,RB,2020.0,13,96.0,7.384615384615385,3
4,Leonard Fournette,RB,2021.0,14,186.6,13.328571428571427,4
0,Dalton Schultz,TE,2018.0,11,11.7,1.0636363636363635,0
1,Dalton Schultz,TE,2019.0,16,0.6,0.0375,1
2,Dalton Schultz,TE,2020.0,16,83.5,5.21875,2
3,Dalton Schultz,TE,2021.0,17,130.8,7.694117647058825,3
0,Cordarrelle Patterson,RB,2013.0,16,116.7,7.29375,0
1,Cordarrelle Patterson,RB,2014.0,16,60.1,3.75625,1
2,Cordarrelle Patterson,RB,2015.0,16,6.5,0.40625,2
3,Cordarrelle Patterson,RB,2016.0,16,67.8,4.2375,3
4,Cordarrelle Patterson,RB,2017.0,16,55.0,3.4375,4
5,Cordarrelle Patterson,RB,2018.0,15,75.5,5.033333333333333,5
6,Cordarrelle Patterson,RB,2019.0,16,24.6,1.5375,6
7,Cordarrelle Patterson,RB,2020.0,16,48.4,3.025,7
8,Cordarrelle Patterson,RB,2021.0,16,182.6,11.4125,8
0,George Kittle,TE,2017.0,15,63.5,4.233333333333333,0
1,George Kittle,TE,2018.0,16,170.7,10.66875,1
2,George Kittle,TE,2019.0,14,137.5,9.821428571428571,2
3,George Kittle,TE,2020.0,8,77.1,9.6375,3
4,George Kittle,TE,2021.0,14,127.0,9.071428571428571,4
0,Hunter Renfrow,WR,2019.0,13,84.5,6.5,0
1,Hunter Renfrow,WR,2020.0,16,75.6,4.725,1
2,Hunter Renfrow,WR,2021.0,17,156.1,9.18235294117647,2
0,CeeDee Lamb,WR,2020.0,16,143.7,8.98125,0
1,CeeDee Lamb,WR,2021.0,16,153.8,9.6125,1
0,Kyler Murray,QB,2019.0,16,285.28,17.83,0
1,Kyler Murray,QB,2020.0,16,378.74,23.67125,1
2,Kyler Murray,QB,2021.0,14,300.48,21.462857142857143,2
0,Kirk Cousins,QB,2012.0,3,32.84,10.946666666666667,0
1,Kirk Cousins,QB,2013.0,5,33.56,6.712000000000001,1
2,Kirk Cousins,QB,2014.0,6,88.4,14.733333333333334,2
3,Kirk Cousins,QB,2015.0,16,293.44,18.34,3
4,Kirk Cousins,QB,2016.0,16,300.28,18.7675,4
5,Kirk Cousins,QB,2017.0,16,277.62,17.35125,5
6,Kirk Cousins,QB,2018.0,16,282.12,17.6325,6
7,Kirk Cousins,QB,2019.0,15,244.42,16.294666666666664,7
8,Kirk Cousins,QB,2020.0,16,306.2,19.1375,8
9,Kirk Cousins,QB,2021.0,16,300.34,18.77125,9
0,Aaron Jones,RB,2017.0,12,71.2,5.933333333333334,0
1,Aaron Jones,RB,2018.0,12,145.4,12.116666666666667,1
2,Aaron Jones,RB,2019.0,16,265.8,16.6125,2
3,Aaron Jones,RB,2020.0,14,211.9,15.135714285714286,3
4,Aaron Jones,RB,2021.0,15,177.0,11.8,4
0,Keenan Allen,WR,2013.0,15,149.0,9.933333333333334,0
1,Keenan Allen,WR,2014.0,14,98.3,7.021428571428571,1
2,Keenan Allen,WR,2015.0,8,94.5,11.8125,2
3,Keenan Allen,WR,2016.0,1,6.3,6.3,3
4,Keenan Allen,WR,2017.0,16,182.2,11.3875,4
5,Keenan Allen,WR,2018.0,16,163.1,10.19375,5
6,Keenan Allen,WR,2019.0,16,157.5,9.84375,6
7,Keenan Allen,WR,2020.0,14,145.1,10.364285714285714,7
8,Keenan Allen,WR,2021.0,16,151.8,9.4875,8
0,Derrick Henry ,RB,2016.0,15,92.7,6.180000000000001,0
1,Derrick Henry ,RB,2017.0,16,124.0,7.75,1
2,Derrick Henry ,RB,2018.0,16,186.36,11.6475,2
3,Derrick Henry ,RB,2019.0,15,276.6,18.44,3
4,Derrick Henry ,RB,2020.0,16,314.1,19.63125,4
5,Derrick Henry ,RB,2021.0,8,175.3,21.9125,5
0,Michael Pittman Jr.,WR,2020.0,13,58.9,4.530769230769231,0
1,Michael Pittman Jr.,WR,2021.0,17,150.6,8.858823529411765,1
0,Dalvin Cook,RB,2017.0,4,54.4,13.6,0
1,Dalvin Cook,RB,2018.0,11,112.0,10.181818181818182,1
2,Dalvin Cook,RB,2019.0,14,239.4,17.1,2
3,Dalvin Cook,RB,2020.0,14,293.8,20.985714285714288,3
4,Dalvin Cook,RB,2021.0,13,172.3,13.253846153846155,4
0,Josh Jacobs,RB,2019.0,13,171.6,13.2,0
1,Josh Jacobs,RB,2020.0,15,198.3,13.22,1
2,Josh Jacobs,RB,2021.0,15,172.0,11.466666666666667,2
0,Rob Gronkowski,TE,2010.0,16,112.6,7.0375,0
1,Rob Gronkowski,TE,2011.0,16,240.9,15.05625,1
2,Rob Gronkowski,TE,2012.0,11,143.0,13.0,2
3,Rob Gronkowski,TE,2013.0,7,83.2,11.885714285714286,3
4,Rob Gronkowski,TE,2014.0,15,184.4,12.293333333333333,4
5,Rob Gronkowski,TE,2015.0,15,183.6,12.24,5
6,Rob Gronkowski,TE,2016.0,8,72.0,9.0,6
7,Rob Gronkowski,TE,2017.0,14,158.4,11.314285714285715,7
8,Rob Gronkowski,TE,2018.0,13,84.2,6.476923076923077,8
9,Rob Gronkowski,TE,2020.0,16,104.3,6.51875,9
10,Rob Gronkowski,TE,2021.0,12,116.2,9.683333333333334,10
0,Tee Higgins,WR,2020.0,16,127.6,7.975,0
1,Tee Higgins,WR,2021.0,14,145.1,10.364285714285714,1
0,Dawson Knox,TE,2019.0,15,51.7,3.4466666666666668,0
1,Dawson Knox,TE,2020.0,12,42.8,3.5666666666666664,1
2,Dawson Knox,TE,2021.0,15,115.1,7.673333333333333,2
0,D.J. Moore,WR,2018.0,16,102.0,6.375,0
1,D.J. Moore,WR,2019.0,15,143.5,9.566666666666666,1
2,D.J. Moore,WR,2020.0,15,145.5,9.7,2
3,D.J. Moore,WR,2021.0,17,144.5,8.5,3
0,Chris Godwin,WR,2017.0,16,58.5,3.65625,0
1,Chris Godwin,WR,2018.0,16,126.2,7.8875,1
2,Chris Godwin,WR,2019.0,14,190.1,13.578571428571427,2
3,Chris Godwin,WR,2020.0,12,126.0,10.5,3
4,Chris Godwin,WR,2021.0,14,144.4,10.314285714285715,4
0,Hunter Henry,TE,2016.0,15,93.8,6.253333333333333,0
1,Hunter Henry,TE,2017.0,14,81.9,5.8500000000000005,1
2,Hunter Henry,TE,2019.0,12,95.2,7.933333333333334,2
3,Hunter Henry,TE,2020.0,14,85.3,6.0928571428571425,3
4,Hunter Henry,TE,2021.0,17,114.3,6.723529411764706,4
0,Melvin Gordon,RB,2015.0,14,75.3,5.378571428571428,0
1,Melvin Gordon,RB,2016.0,13,209.6,16.123076923076923,1
2,Melvin Gordon,RB,2017.0,16,230.1,14.38125,2
3,Melvin Gordon,RB,2018.0,12,225.5,18.791666666666668,3
4,Melvin Gordon,RB,2019.0,12,138.8,11.566666666666668,4
5,Melvin Gordon,RB,2020.0,15,166.4,11.093333333333334,5
6,Melvin Gordon,RB,2021.0,16,167.1,10.44375,6
0,Jaylen Waddle,WR,2021.0,16,141.8,8.8625,0
0,Brandin Cooks,WR,2014.0,10,86.3,8.629999999999999,0
1,Brandin Cooks,WR,2015.0,16,169.6,10.6,1
2,Brandin Cooks,WR,2016.0,16,168.3,10.51875,2
3,Brandin Cooks,WR,2017.0,16,156.2,9.7625,3
4,Brandin Cooks,WR,2018.0,16,163.2,10.2,4
5,Brandin Cooks,WR,2019.0,14,75.5,5.392857142857143,5
6,Brandin Cooks,WR,2020.0,15,151.0,10.066666666666666,6
7,Brandin Cooks,WR,2021.0,16,141.8,8.8625,7
0,Dallas Goedert,TE,2018.0,16,57.4,3.5875,0
1,Dallas Goedert,TE,2019.0,15,86.7,5.78,1
2,Dallas Goedert,TE,2020.0,11,70.4,6.4,2
3,Dallas Goedert,TE,2021.0,15,109.0,7.266666666666667,3
0,Darnell Mooney,WR,2020.0,16,91.1,5.69375,0
1,Darnell Mooney,WR,2021.0,17,138.7,8.158823529411764,1
0,Kyle Pitts,TE,2021.0,17,108.6,6.388235294117647,0
0,Javonte Williams,RB,2021.0,17,161.9,9.523529411764706,0
0,Amon-Ra St. Brown,WR,2021.0,17,137.3,8.076470588235296,0
0,Zach Ertz,TE,2013.0,16,70.9,4.43125,0
1,Zach Ertz,TE,2014.0,16,86.2,5.3875,1
2,Zach Ertz,TE,2015.0,15,95.3,6.3533333333333335,2
3,Zach Ertz,TE,2016.0,14,105.6,7.542857142857143,3
4,Zach Ertz,TE,2017.0,14,128.4,9.171428571428573,4
5,Zach Ertz,TE,2018.0,16,164.3,10.26875,5
6,Zach Ertz,TE,2019.0,15,127.6,8.506666666666666,6
7,Zach Ertz,TE,2020.0,11,41.5,3.772727272727273,7
8,Zach Ertz,TE,2021.0,11,75.8,6.890909090909091,8
9,Zach Ertz,TE,2021.0,6,30.9,5.1499999999999995,9
0,Terry McLaurin,WR,2019.0,14,133.9,9.564285714285715,0
1,Terry McLaurin,WR,2020.0,15,136.8,9.120000000000001,1
2,Terry McLaurin,WR,2021.0,17,136.5,8.029411764705882,2
0,Marquise Brown,WR,2019.0,14,100.6,7.185714285714285,0
1,Marquise Brown,WR,2020.0,16,125.0,7.8125,1
2,Marquise Brown,WR,2021.0,16,135.3,8.45625,2
0,Amari Cooper,WR,2015.0,16,140.7,8.79375,0
1,Amari Cooper,WR,2016.0,16,149.3,9.33125,1
2,Amari Cooper,WR,2017.0,14,110.4,7.885714285714286,2
3,Amari Cooper,WR,2018.0,9,105.6,11.733333333333333,3
4,Amari Cooper,WR,2018.0,6,34.9,5.816666666666666,4
5,Amari Cooper,WR,2019.0,16,167.5,10.46875,5
6,Amari Cooper,WR,2020.0,16,144.8,9.05,6
7,Amari Cooper,WR,2021.0,15,134.5,8.966666666666667,7
0,Devin Singletary,RB,2019.0,12,118.9,9.908333333333333,0
1,Devin Singletary,RB,2020.0,16,105.6,6.6,1
2,Devin Singletary,RB,2021.0,17,157.8,9.282352941176471,2
0,Adam Thielen,WR,2014.0,16,19.7,1.23125,0
1,Adam Thielen,WR,2015.0,16,23.3,1.45625,1
2,Adam Thielen,WR,2016.0,16,126.2,7.8875,2
3,Adam Thielen,WR,2017.0,16,148.7,9.29375,3
4,Adam Thielen,WR,2018.0,16,194.3,12.14375,4
5,Adam Thielen,WR,2019.0,10,84.4,8.440000000000001,5
6,Adam Thielen,WR,2020.0,15,180.0,12.0,6
7,Adam Thielen,WR,2021.0,13,132.8,10.215384615384616,7
0,Christian Kirk,WR,2018.0,12,80.5,6.708333333333333,0
1,Christian Kirk,WR,2019.0,13,100.2,7.707692307692308,1
2,Christian Kirk,WR,2020.0,14,98.4,7.028571428571429,2
3,Christian Kirk,WR,2021.0,17,130.62,7.683529411764706,3
0,David Montgomery,RB,2019.0,16,145.4,9.0875,0
1,David Montgomery,RB,2020.0,15,210.8,14.053333333333335,1
2,David Montgomery,RB,2021.0,13,153.0,11.76923076923077,2
0,AJ Dillon ,RB,2020.0,11,38.3,3.4818181818181815,0
1,AJ Dillon ,RB,2021.0,17,151.6,8.91764705882353,1
0,Kendrick Bourne,WR,2017.0,11,25.7,2.3363636363636364,0
1,Kendrick Bourne,WR,2018.0,16,72.7,4.54375,1
2,Kendrick Bourne,WR,2019.0,16,67.8,4.2375,2
3,Kendrick Bourne,WR,2020.0,15,80.7,5.38,3
4,Kendrick Bourne,WR,2021.0,17,125.5,7.382352941176471,4
0,Darrel Williams,RB,2018.0,6,13.1,2.183333333333333,0
1,Darrel Williams,RB,2019.0,12,52.8,4.3999999999999995,1
2,Darrel Williams,RB,2020.0,16,36.5,2.28125,2
3,Darrel Williams,RB,2021.0,17,143.2,8.423529411764704,3
0,D'Andre Swift,RB,2020.0,13,143.8,11.061538461538463,0
1,D'Andre Swift,RB,2021.0,13,146.9,11.3,1
0,Mike Gesicki,TE,2018.0,16,18.2,1.1375,0
1,Mike Gesicki,TE,2019.0,16,85.0,5.3125,1
2,Mike Gesicki,TE,2020.0,15,106.3,7.086666666666667,2
3,Mike Gesicki,TE,2021.0,17,92.0,5.411764705882353,3
0,Nick Ralston,,2021.0,4,,,0
0,Elijah Mitchell,RB,2021.0,11,146.0,13.272727272727273,0
0,Tory Carter,,2021.0,8,,,0
0,Ryan Tannehill,QB,2012.0,16,182.86,11.42875,0
1,Ryan Tannehill,QB,2013.0,16,238.32,14.895,1
2,Ryan Tannehill,QB,2014.0,16,278.5,17.40625,2
3,Ryan Tannehill,QB,2015.0,16,257.32,16.0825,3
4,Ryan Tannehill,QB,2016.0,13,190.2,14.63076923076923,4
5,Ryan Tannehill,QB,2018.0,11,141.96,12.905454545454546,5
6,Ryan Tannehill,QB,2019.0,12,224.38,18.698333333333334,6
7,Ryan Tannehill,QB,2020.0,16,343.36,21.46,7
8,Ryan Tannehill,QB,2021.0,17,268.36,15.785882352941178,8
0,Carson Wentz,QB,2016.0,16,212.98,13.31125,0
1,Carson Wentz,QB,2017.0,13,281.74,21.672307692307694,1
2,Carson Wentz,QB,2018.0,11,192.66,17.514545454545456,2
3,Carson Wentz,QB,2019.0,16,275.86,17.24125,3
4,Carson Wentz,QB,2020.0,12,198.4,16.533333333333335,4
5,Carson Wentz,QB,2021.0,17,258.02,15.177647058823528,5
0,Derek Carr,QB,2014.0,16,192.0,12.0,0
1,Derek Carr,QB,2015.0,16,271.28,16.955,1
2,Derek Carr,QB,2016.0,15,268.48,17.898666666666667,2
3,Derek Carr,QB,2017.0,15,206.44,13.762666666666666,3
4,Derek Carr,QB,2018.0,16,215.76,13.485,4
5,Derek Carr,QB,2019.0,16,244.36,15.2725,5
6,Derek Carr,QB,2020.0,16,272.12,17.0075,6
7,Derek Carr,QB,2021.0,17,256.96,15.115294117647057,7
0,Russell Wilson,QB,2012.0,16,275.62,17.22625,0
1,Russell Wilson,QB,2013.0,16,270.18,16.88625,1
2,Russell Wilson,QB,2014.0,16,327.6,20.475,2
3,Russell Wilson,QB,2015.0,16,336.26,21.01625,3
4,Russell Wilson,QB,2016.0,16,268.06,16.75375,4
5,Russell Wilson,QB,2017.0,16,347.92,21.745,5
6,Russell Wilson,QB,2018.0,16,298.42,18.65125,6
7,Russell Wilson,QB,2019.0,16,328.6,20.5375,7
8,Russell Wilson,QB,2020.0,16,359.78,22.48625,8
9,Russell Wilson,QB,2021.0,14,242.82,17.344285714285714,9
0,Lamar Jackson,QB,2018.0,16,157.54,9.84625,0
1,Lamar Jackson,QB,2019.0,15,415.68,27.712,1
2,Lamar Jackson,QB,2020.0,15,332.78,22.185333333333332,2
3,Lamar Jackson,QB,2021.0,12,239.98,19.99833333333333,3
0,Jimmy Garoppolo,QB,2014.0,6,12.78,2.13,0
1,Jimmy Garoppolo,QB,2015.0,5,0.24,0.048,1
2,Jimmy Garoppolo,QB,2016.0,6,35.38,5.896666666666667,2
3,Jimmy Garoppolo,QB,2017.0,6,86.9,14.483333333333334,3
4,Jimmy Garoppolo,QB,2018.0,3,48.02,16.006666666666668,4
5,Jimmy Garoppolo,QB,2019.0,16,247.32,15.4575,5
6,Jimmy Garoppolo,QB,2020.0,6,64.34,10.723333333333334,6
7,Jimmy Garoppolo,QB,2021.0,15,227.5,15.166666666666666,7
0,Mac Jones,QB,2021.0,17,224.94,13.231764705882354,0
0,Matt Ryan,QB,2008.0,16,196.0,12.25,0
1,Matt Ryan,QB,2009.0,14,183.54,13.11,1
2,Matt Ryan,QB,2010.0,16,252.4,15.775,2
3,Matt Ryan,QB,2011.0,16,273.48,17.0925,3
4,Matt Ryan,QB,2012.0,16,304.86,19.05375,4
5,Matt Ryan,QB,2013.0,16,248.1,15.50625,5
6,Matt Ryan,QB,2014.0,16,284.26,17.76625,6
7,Matt Ryan,QB,2015.0,16,233.94,14.62125,7
8,Matt Ryan,QB,2016.0,16,347.46,21.71625,8
9,Matt Ryan,QB,2017.0,16,228.1,14.25625,9
10,Matt Ryan,QB,2018.0,16,353.96,22.1225,10
11,Matt Ryan,QB,2019.0,15,267.34,17.822666666666667,11
12,Matt Ryan,QB,2020.0,16,282.44,17.6525,12
13,Matt Ryan,QB,2021.0,17,222.92,13.112941176470587,13
0,Taylor Heinicke,QB,2017.0,1,0.6,0.6,0
1,Taylor Heinicke,QB,2018.0,6,13.9,2.316666666666667,1
2,Taylor Heinicke,QB,2020.0,1,11.68,11.68,2
3,Taylor Heinicke,QB,2021.0,16,221.86,13.86625,3
0,Ben Roethlisberger,QB,2004.0,14,167.24,11.945714285714287,0
1,Ben Roethlisberger,QB,2005.0,12,168.3,14.025,1
2,Ben Roethlisberger,QB,2006.0,15,184.32,12.288,2
3,Ben Roethlisberger,QB,2007.0,15,260.56,17.37066666666667,3
4,Ben Roethlisberger,QB,2008.0,16,177.44,11.09,4
5,Ben Roethlisberger,QB,2009.0,15,267.32,17.82133333333333,5
6,Ben Roethlisberger,QB,2010.0,12,209.6,17.466666666666665,6
7,Ben Roethlisberger,QB,2011.0,15,216.08,14.405333333333335,7
8,Ben Roethlisberger,QB,2012.0,13,223.8,17.215384615384615,8
9,Ben Roethlisberger,QB,2013.0,16,258.84,16.1775,9
10,Ben Roethlisberger,QB,2014.0,16,306.18,19.13625,10
11,Ben Roethlisberger,QB,2015.0,12,228.12,19.01,11
12,Ben Roethlisberger,QB,2016.0,14,252.16,18.01142857142857,12
13,Ben Roethlisberger,QB,2017.0,15,260.74,17.38266666666667,13
14,Ben Roethlisberger,QB,2018.0,16,340.86,21.30375,14
15,Ben Roethlisberger,QB,2019.0,2,12.74,6.37,15
16,Ben Roethlisberger,QB,2020.0,15,267.22,17.814666666666668,16
17,Ben Roethlisberger,QB,2021.0,16,218.1,13.63125,17
0,Teddy Bridgewater,QB,2014.0,13,179.66,13.82,0
1,Teddy Bridgewater,QB,2015.0,16,200.44,12.5275,1
2,Teddy Bridgewater,QB,2017.0,1,,,2
3,Teddy Bridgewater,QB,2018.0,5,7.92,1.584,3
4,Teddy Bridgewater,QB,2019.0,9,90.96,10.106666666666666,4
5,Teddy Bridgewater,QB,2020.0,15,241.22,16.081333333333333,5
6,Teddy Bridgewater,QB,2021.0,14,202.68,14.477142857142857,6
0,Trevor Lawrence,QB,2021.0,17,199.04,11.708235294117646,0
0,Jared Goff,QB,2016.0,7,53.16,7.594285714285713,0
1,Jared Goff,QB,2017.0,15,255.26,17.017333333333333,1
2,Jared Goff,QB,2018.0,16,310.32,19.395,2
3,Jared Goff,QB,2019.0,16,247.52,15.47,3
4,Jared Goff,QB,2020.0,15,239.98,15.998666666666667,4
5,Jared Goff,QB,2021.0,14,194.5,13.892857142857142,5
0,Baker Mayfield,QB,2018.0,14,240.1,17.15,0
1,Baker Mayfield,QB,2019.0,16,229.18,14.32375,1
2,Baker Mayfield,QB,2020.0,16,247.62,15.47625,2
3,Baker Mayfield,QB,2021.0,14,180.9,12.921428571428573,3
0,Tua Tagovailoa,QB,2020.0,10,135.46,13.546000000000001,0
1,Tua Tagovailoa,QB,2021.0,13,180.92,13.916923076923077,1
0,Daniel Jones,QB,2019.0,13,214.98,16.536923076923078,0
1,Daniel Jones,QB,2020.0,14,180.02,12.858571428571429,1
2,Daniel Jones,QB,2021.0,11,166.52,15.138181818181819,2
0,Sam Darnold,QB,2018.0,13,168.4,12.953846153846154,0
1,Sam Darnold,QB,2019.0,13,189.16,14.55076923076923,1
2,Sam Darnold,QB,2020.0,12,134.02,11.168333333333335,2
3,Sam Darnold,QB,2021.0,12,157.28,13.106666666666667,3
0,Davis Mills,QB,2021.0,13,156.96,12.073846153846155,0
0,Zach Wilson,QB,2021.0,13,151.86,11.681538461538462,0
0,James Robinson,RB,2020.0,14,201.4,14.385714285714286,0
1,James Robinson,RB,2021.0,14,142.9,10.207142857142857,1
0,Darrell Henderson,RB,2019.0,13,18.4,1.4153846153846152,0
1,Darrell Henderson,RB,2020.0,15,114.3,7.62,1
2,Darrell Henderson,RB,2021.0,12,134.4,11.200000000000001,2
0,Justin Fields,QB,2021.0,12,126.8,10.566666666666666,0
0,Myles Gaskin,RB,2019.0,7,24.4,3.4857142857142853,0
1,Myles Gaskin,RB,2020.0,10,123.2,12.32,1
2,Myles Gaskin,RB,2021.0,17,124.6,7.329411764705882,2
0,Sony Michel,RB,2018.0,13,132.1,10.161538461538461,0
1,Sony Michel,RB,2019.0,16,140.6,8.7875,1
2,Sony Michel,RB,2020.0,9,68.3,7.588888888888889,2
3,Sony Michel,RB,2021.0,17,125.3,7.370588235294117,3
0,Tony Pollard,RB,2019.0,15,74.6,4.973333333333333,0
1,Tony Pollard,RB,2020.0,16,93.3,5.83125,1
2,Tony Pollard,RB,2021.0,15,123.6,8.24,2
0,DeVonta Smith,WR,2021.0,17,121.6,7.152941176470588,0
0,A.J. Brown,WR,2019.0,16,165.1,10.31875,0
1,A.J. Brown,WR,2020.0,14,177.5,12.678571428571429,1
2,A.J. Brown,WR,2021.0,13,117.9,9.069230769230769,2
0,Michael Carter,RB,2021.0,14,118.4,8.457142857142857,0
0,Taysom Hill,QB,2017.0,5,,,0
1,Taysom Hill,QB,2018.0,16,31.16,1.9475,1
2,Taysom Hill,QB,2019.0,16,83.2,5.2,2
3,Taysom Hill,QB,2020.0,16,148.62,9.28875,3
4,Taysom Hill,QB,2021.0,12,117.72,9.81,4
0,Van Jefferson,WR,2020.0,16,27.9,1.74375,0
1,Van Jefferson,WR,2021.0,17,118.2,6.952941176470588,1
0,Tyler Boyd,WR,2016.0,16,70.1,4.38125,0
1,Tyler Boyd,WR,2017.0,10,34.5,3.45,1
2,Tyler Boyd,WR,2018.0,14,145.1,10.364285714285714,2
3,Tyler Boyd,WR,2019.0,16,132.9,8.30625,3
4,Tyler Boyd,WR,2020.0,15,113.64,7.576,4
5,Tyler Boyd,WR,2021.0,16,116.84,7.3025,5
0,Jameis Winston,QB,2015.0,16,274.98,17.18625,0
1,Jameis Winston,QB,2016.0,16,256.1,16.00625,1
2,Jameis Winston,QB,2017.0,13,201.66,15.512307692307692,2
3,Jameis Winston,QB,2018.0,11,195.78,17.798181818181817,3
4,Jameis Winston,QB,2019.0,16,305.36,19.085,4
5,Jameis Winston,QB,2020.0,4,2.5,0.625,5
6,Jameis Winston,QB,2021.0,7,117.4,16.771428571428572,6
0,Rashaad Penny,RB,2018.0,14,61.4,4.385714285714285,0
1,Rashaad Penny,RB,2019.0,10,67.3,6.7299999999999995,1
2,Rashaad Penny,RB,2020.0,3,3.4,1.1333333333333333,2
3,Rashaad Penny,RB,2021.0,10,115.7,11.57,3
0,Brandon Aiyuk,WR,2020.0,12,124.5,10.375,0
1,Brandon Aiyuk,WR,2021.0,17,114.3,6.723529411764706,1
0,Devonta Freeman,RB,2014.0,16,57.3,3.58125,0
1,Devonta Freeman,RB,2015.0,15,243.4,16.226666666666667,1
2,Devonta Freeman,RB,2016.0,16,230.1,14.38125,2
3,Devonta Freeman,RB,2017.0,14,164.2,11.728571428571428,3
4,Devonta Freeman,RB,2018.0,2,9.1,4.55,4
5,Devonta Freeman,RB,2019.0,14,138.6,9.9,5
6,Devonta Freeman,RB,2020.0,5,29.0,5.8,6
7,Devonta Freeman,RB,2021.0,16,112.6,7.0375,7
0,Chuba Hubbard,RB,2021.0,17,112.6,6.623529411764705,0
0,K.J. Osborn,WR,2020.0,9,,,0
1,K.J. Osborn,WR,2021.0,17,108.5,6.382352941176471,1
0,Saquon Barkley,RB,2018.0,16,294.8,18.425,0
1,Saquon Barkley,RB,2019.0,13,192.1,14.776923076923076,1
2,Saquon Barkley,RB,2020.0,2,9.4,4.7,2
3,Saquon Barkley,RB,2021.0,13,107.6,8.276923076923076,3
0,Chase Claypool,WR,2020.0,16,153.1,9.56875,0
1,Chase Claypool,WR,2021.0,15,107.6,7.173333333333333,1
0,Marvin Jones,WR,2012.0,11,30.8,2.8000000000000003,0
1,Marvin Jones,WR,2013.0,16,137.7,8.60625,1
2,Marvin Jones,WR,2015.0,16,108.9,6.80625,2
3,Marvin Jones,WR,2016.0,15,117.3,7.819999999999999,3
4,Marvin Jones,WR,2017.0,16,164.1,10.25625,4
5,Marvin Jones,WR,2018.0,9,80.8,8.977777777777778,5
6,Marvin Jones,WR,2019.0,13,131.9,10.146153846153847,6
7,Marvin Jones,WR,2020.0,16,151.8,9.4875,7
8,Marvin Jones,WR,2021.0,17,107.2,6.305882352941176,8
0,Marquez Callaway,WR,2020.0,11,21.3,1.9363636363636365,0
1,Marquez Callaway,WR,2021.0,17,105.8,6.223529411764706,1
0,DeAndre Hopkins,WR,2013.0,16,90.2,5.6375,0
1,DeAndre Hopkins,WR,2014.0,16,155.0,9.6875,1
2,DeAndre Hopkins,WR,2015.0,16,220.1,13.75625,2
3,DeAndre Hopkins,WR,2016.0,16,119.4,7.4625,3
4,DeAndre Hopkins,WR,2017.0,15,213.8,14.253333333333334,4
5,DeAndre Hopkins,WR,2018.0,16,218.5,13.65625,5
6,DeAndre Hopkins,WR,2019.0,15,164.54,10.969333333333333,6
7,DeAndre Hopkins,WR,2020.0,16,172.8,10.8,7
8,DeAndre Hopkins,WR,2021.0,10,105.2,10.52,8
0,Devontae Booker,RB,2016.0,16,111.7,6.98125,0
1,Devontae Booker,RB,2017.0,13,61.4,4.723076923076923,1
2,Devontae Booker,RB,2018.0,16,49.9,3.11875,2
3,Devontae Booker,RB,2019.0,16,6.6,0.4125,3
4,Devontae Booker,RB,2020.0,16,68.7,4.29375,4
5,Devontae Booker,RB,2021.0,16,104.1,6.50625,5
0,A.J. Green,WR,2011.0,15,153.0,10.2,0
1,A.J. Green,WR,2012.0,16,202.8,12.675,1
2,A.J. Green,WR,2013.0,16,208.6,13.0375,2
3,A.J. Green,WR,2014.0,13,136.3,10.484615384615385,3
4,A.J. Green,WR,2015.0,16,187.7,11.73125,4
5,A.J. Green,WR,2016.0,10,120.4,12.040000000000001,5
6,A.J. Green,WR,2017.0,16,151.8,9.4875,6
7,A.J. Green,WR,2018.0,9,103.4,11.488888888888889,7
8,A.J. Green,WR,2020.0,16,64.3,4.01875,8
9,A.J. Green,WR,2021.0,16,102.8,6.425,9
0,Allen Lazard ,WR,2018.0,1,0.7,0.7,0
1,Allen Lazard ,WR,2019.0,16,67.8,4.2375,1
2,Allen Lazard ,WR,2020.0,10,64.8,6.4799999999999995,2
3,Allen Lazard ,WR,2021.0,15,102.5,6.833333333333333,3
0,Jakobi Meyers,WR,2019.0,15,35.9,2.393333333333333,0
1,Jakobi Meyers,WR,2020.0,14,83.52,5.965714285714285,1
2,Jakobi Meyers,WR,2021.0,17,103.3,6.076470588235294,2
0,Tim Patrick,WR,2018.0,16,37.2,2.325,0
1,Tim Patrick,WR,2019.0,8,21.8,2.725,1
2,Tim Patrick,WR,2020.0,15,110.2,7.346666666666667,2
3,Tim Patrick,WR,2021.0,16,103.4,6.4625,3
0,Cedrick Wilson Jr.,WR,2019.0,6,4.6,0.7666666666666666,0
1,Cedrick Wilson Jr.,WR,2020.0,16,35.82,2.23875,1
2,Cedrick Wilson Jr.,WR,2021.0,16,102.82,6.42625,2
0,Rhamondre Stevenson,RB,2021.0,12,100.9,8.408333333333333,0
0,Chase Edmonds,RB,2018.0,16,43.2,2.7,0
1,Chase Edmonds,RB,2019.0,13,70.9,5.453846153846154,1
2,Chase Edmonds,RB,2020.0,16,115.0,7.1875,2
3,Chase Edmonds,RB,2021.0,12,100.3,8.358333333333333,3
0,Clyde Edwards-Helaire,RB,2020.0,13,140.0,10.76923076923077,0
1,Clyde Edwards-Helaire,RB,2021.0,10,98.6,9.86,1
0,Russell Gage,WR,2018.0,15,6.3,0.42,0
1,Russell Gage,WR,2019.0,16,49.8,3.1125,1
2,Russell Gage,WR,2020.0,16,109.06,6.81625,2
3,Russell Gage,WR,2021.0,14,97.0,6.928571428571429,3
0,Elijah Moore,WR,2021.0,11,95.5,8.681818181818182,0
0,Mike Davis,RB,2015.0,6,9.6,1.5999999999999999,0
1,Mike Davis,RB,2016.0,8,11.5,1.4375,1
2,Mike Davis,RB,2017.0,6,37.1,6.183333333333334,2
3,Mike Davis,RB,2018.0,15,102.8,6.8533333333333335,3
4,Mike Davis,RB,2019.0,7,4.7,0.6714285714285715,4
5,Mike Davis,RB,2019.0,5,0.2,0.04,5
6,Mike Davis,RB,2020.0,15,147.5,9.833333333333334,6
7,Mike Davis,RB,2021.0,17,94.2,5.541176470588235,7
0,Alexander Mattison,RB,2019.0,13,58.4,4.492307692307692,0
1,Alexander Mattison,RB,2020.0,13,73.9,5.684615384615385,1
2,Alexander Mattison,RB,2021.0,16,93.9,5.86875,2
0,Latavius Murray,RB,2014.0,15,68.7,4.58,0
1,Latavius Murray,RB,2015.0,16,163.8,10.2375,1
2,Latavius Murray,RB,2016.0,14,175.2,12.514285714285714,2
3,Latavius Murray,RB,2017.0,16,142.5,8.90625,3
4,Latavius Murray,RB,2018.0,16,109.9,6.86875,4
5,Latavius Murray,RB,2019.0,16,123.2,7.7,5
6,Latavius Murray,RB,2020.0,15,113.2,7.546666666666667,6
7,Latavius Murray,RB,2021.0,14,93.6,6.685714285714285,7
0,Jamaal Williams,RB,2017.0,16,117.8,7.3625,0
1,Jamaal Williams,RB,2018.0,16,87.4,5.4625,1
2,Jamaal Williams,RB,2019.0,14,107.3,7.664285714285714,2
3,Jamaal Williams,RB,2020.0,14,96.1,6.864285714285714,3
4,Jamaal Williams,RB,2021.0,13,93.8,7.2153846153846155,4
0,Pat Freiermuth,TE,2021.0,16,91.7,5.73125,0
0,Courtland Sutton,WR,2018.0,16,94.3,5.89375,0
1,Courtland Sutton,WR,2019.0,16,150.42,9.40125,1
2,Courtland Sutton,WR,2020.0,1,6.6,6.6,2
3,Courtland Sutton,WR,2021.0,17,92.24,5.425882352941176,3
0,Robert Woods,WR,2013.0,14,80.3,5.735714285714286,0
1,Robert Woods,WR,2014.0,16,99.9,6.24375,1
2,Robert Woods,WR,2015.0,14,71.2,5.085714285714286,2
3,Robert Woods,WR,2016.0,13,67.9,5.223076923076923,3
4,Robert Woods,WR,2017.0,12,107.3,8.941666666666666,4
5,Robert Woods,WR,2018.0,16,179.6,11.225,5
6,Robert Woods,WR,2019.0,15,142.9,9.526666666666667,6
7,Robert Woods,WR,2020.0,16,155.1,9.69375,7
8,Robert Woods,WR,2021.0,9,92.2,10.244444444444445,8
0,Gabriel Davis,WR,2020.0,16,101.9,6.36875,0
1,Gabriel Davis,WR,2021.0,16,90.9,5.68125,1
0,Noah Fant,TE,2019.0,16,71.0,4.4375,0
1,Noah Fant,TE,2020.0,15,87.3,5.819999999999999,1
2,Noah Fant,TE,2021.0,16,91.0,5.6875,2
0,Christian McCaffrey,RB,2017.0,16,148.6,9.2875,0
1,Christian McCaffrey,RB,2018.0,16,278.5,17.40625,1
2,Christian McCaffrey,RB,2019.0,16,355.2,22.2,2
3,Christian McCaffrey,RB,2020.0,3,73.4,24.46666666666667,3
4,Christian McCaffrey,RB,2021.0,7,90.5,12.928571428571429,4
0,Miles Sanders,RB,2019.0,16,168.7,10.54375,0
1,Miles Sanders,RB,2020.0,12,142.4,11.866666666666667,1
2,Miles Sanders,RB,2021.0,12,91.2,7.6000000000000005,2
0,Kenneth Gainwell,RB,2021.0,16,90.4,5.65,0
0,Emmanuel Sanders,WR,2010.0,13,47.6,3.661538461538462,0
1,Emmanuel Sanders,WR,2011.0,11,41.4,3.7636363636363637,1
2,Emmanuel Sanders,WR,2012.0,16,65.0,4.0625,2
3,Emmanuel Sanders,WR,2013.0,16,114.5,7.15625,3
4,Emmanuel Sanders,WR,2014.0,16,200.8,12.55,4
5,Emmanuel Sanders,WR,2015.0,15,148.4,9.893333333333334,5
6,Emmanuel Sanders,WR,2016.0,16,133.6,8.35,6
7,Emmanuel Sanders,WR,2017.0,12,67.5,5.625,7
8,Emmanuel Sanders,WR,2018.0,12,127.22,10.601666666666667,8
9,Emmanuel Sanders,WR,2019.0,10,73.6,7.359999999999999,9
10,Emmanuel Sanders,WR,2019.0,7,50.7,7.242857142857143,10
11,Emmanuel Sanders,WR,2020.0,14,103.8,7.414285714285714,11
12,Emmanuel Sanders,WR,2021.0,14,89.7,6.4071428571428575,12
0,Trevor Siemian,QB,2015.0,1,,,0
1,Trevor Siemian,QB,2016.0,14,191.74,13.695714285714287,1
2,Trevor Siemian,QB,2017.0,11,126.1,11.463636363636363,2
3,Trevor Siemian,QB,2019.0,1,0.12,0.12,3
4,Trevor Siemian,QB,2021.0,6,90.16,15.026666666666666,4
0,Kareem Hunt,RB,2017.0,16,242.2,15.1375,0
1,Kareem Hunt,RB,2018.0,11,204.2,18.563636363636363,1
2,Kareem Hunt,RB,2019.0,8,64.4,8.05,2
3,Kareem Hunt,RB,2020.0,16,180.5,11.28125,3
4,Kareem Hunt,RB,2021.0,8,88.0,11.0,4
0,Robby Anderson,WR,2016.0,16,72.9,4.55625,0
1,Robby Anderson,WR,2017.0,16,137.0,8.5625,1
2,Robby Anderson,WR,2018.0,14,106.4,7.6000000000000005,2
3,Robby Anderson,WR,2019.0,16,110.3,6.89375,3
4,Robby Anderson,WR,2020.0,16,129.1,8.06875,4
5,Robby Anderson,WR,2021.0,17,85.5,5.029411764705882,5
0,Tyler Higbee,TE,2016.0,16,14.5,0.90625,0
1,Tyler Higbee,TE,2017.0,16,35.5,2.21875,1
2,Tyler Higbee,TE,2018.0,16,41.2,2.575,2
3,Tyler Higbee,TE,2019.0,15,91.4,6.093333333333334,3
4,Tyler Higbee,TE,2020.0,15,84.2,5.613333333333333,4
5,Tyler Higbee,TE,2021.0,15,86.0,5.733333333333333,5
0,Cam Newton,QB,2011.0,16,369.34,23.08375,0
1,Cam Newton,QB,2012.0,16,323.46,20.21625,1
2,Cam Newton,QB,2013.0,16,297.66,18.60375,2
3,Cam Newton,QB,2014.0,14,248.98,17.784285714285712,3
4,Cam Newton,QB,2015.0,16,389.08,24.3175,4
5,Cam Newton,QB,2016.0,15,254.26,16.950666666666667,5
6,Cam Newton,QB,2017.0,16,299.48,18.7175,6
7,Cam Newton,QB,2018.0,14,282.6,20.185714285714287,7
8,Cam Newton,QB,2019.0,2,16.68,8.34,8
9,Cam Newton,QB,2020.0,15,258.98,17.265333333333334,9
10,Cam Newton,QB,2021.0,8,86.36,10.795,10
0,Boston Scott,RB,2018.0,2,,,0
1,Boston Scott,RB,2019.0,11,72.9,6.627272727272728,1
2,Boston Scott,RB,2020.0,16,70.6,4.4125,2
3,Boston Scott,RB,2021.0,16,85.6,5.35,3
0,Odell Beckham Jr.,WR,2014.0,12,204.0,17.0,0
1,Odell Beckham Jr.,WR,2015.0,15,223.3,14.886666666666667,1
2,Odell Beckham Jr.,WR,2016.0,16,195.6,12.225,2
3,Odell Beckham Jr.,WR,2017.0,4,49.0,12.25,3
4,Odell Beckham Jr.,WR,2018.0,12,153.34,12.778333333333334,4
5,Odell Beckham Jr.,WR,2019.0,16,127.3,7.95625,5
6,Odell Beckham Jr.,WR,2020.0,7,63.82,9.117142857142857,6
7,Odell Beckham Jr.,WR,2021.0,6,24.6,4.1000000000000005,7
8,Odell Beckham Jr.,WR,2021.0,8,60.5,7.5625,8
0,D'Onta Foreman,RB,2017.0,10,51.0,5.1,0
1,D'Onta Foreman,RB,2018.0,1,8.7,8.7,1
2,D'Onta Foreman,RB,2020.0,6,16.0,2.6666666666666665,2
3,D'Onta Foreman,RB,2021.0,9,84.9,9.433333333333334,3
0,D'Ernest Johnson,RB,2019.0,16,9.2,0.575,0
1,D'Ernest Johnson,RB,2020.0,16,18.0,1.125,1
2,D'Ernest Johnson,RB,2021.0,17,85.1,5.0058823529411764,2
0,J.D. McKissic,RB,2016.0,1,1.8,1.8,0
1,J.D. McKissic,RB,2017.0,13,63.3,4.869230769230769,1
2,J.D. McKissic,RB,2018.0,5,0.8,0.16,2
3,J.D. McKissic,RB,2019.0,16,49.8,3.1125,3
4,J.D. McKissic,RB,2020.0,16,111.5,6.96875,4
5,J.D. McKissic,RB,2021.0,11,84.9,7.718181818181819,5
0,Byron Pringle,WR,2019.0,16,23.0,1.4375,0
1,Byron Pringle,WR,2020.0,13,22.0,1.6923076923076923,1
2,Byron Pringle,WR,2021.0,17,84.8,4.988235294117647,2
0,Jared Cook,TE,2009.0,14,7.4,0.5285714285714286,0
1,Jared Cook,TE,2010.0,16,42.1,2.63125,1
2,Jared Cook,TE,2011.0,16,89.9,5.61875,2
3,Jared Cook,TE,2012.0,13,74.3,5.7153846153846155,3
4,Jared Cook,TE,2013.0,16,95.1,5.94375,4
5,Jared Cook,TE,2014.0,16,81.4,5.0875,5
6,Jared Cook,TE,2015.0,16,48.1,3.00625,6
7,Jared Cook,TE,2016.0,10,41.7,4.17,7
8,Jared Cook,TE,2017.0,16,78.8,4.925,8
9,Jared Cook,TE,2018.0,16,125.6,7.85,9
10,Jared Cook,TE,2019.0,14,124.5,8.892857142857142,10
11,Jared Cook,TE,2020.0,15,90.4,6.026666666666667,11
12,Jared Cook,TE,2021.0,16,84.4,5.275,12
0,Andy Dalton,QB,2011.0,16,207.12,12.945,0
1,Andy Dalton,QB,2012.0,16,250.76,15.6725,1
2,Andy Dalton,QB,2013.0,16,288.02,18.00125,2
3,Andy Dalton,QB,2014.0,16,224.62,14.03875,3
4,Andy Dalton,QB,2015.0,13,244.2,18.784615384615385,4
5,Andy Dalton,QB,2016.0,16,260.64,16.29,5
6,Andy Dalton,QB,2017.0,16,210.7,13.16875,6
7,Andy Dalton,QB,2018.0,11,174.54,15.867272727272727,7
8,Andy Dalton,QB,2019.0,13,202.66,15.589230769230769,8
9,Andy Dalton,QB,2020.0,11,135.9,12.354545454545455,9
10,Andy Dalton,QB,2021.0,8,84.2,10.525,10
0,T.J. Hockenson,TE,2019.0,12,48.7,4.058333333333334,0
1,T.J. Hockenson,TE,2020.0,16,108.3,6.76875,1
2,T.J. Hockenson,TE,2021.0,12,84.3,7.0249999999999995,2
0,Kalif Raymond,WR,2016.0,4,-2.0,-0.5,0
1,Kalif Raymond,WR,2017.0,6,1.1,0.18333333333333335,1
2,Kalif Raymond,WR,2017.0,2,-2.0,-1.0,2
3,Kalif Raymond,WR,2019.0,8,20.5,2.5625,3
4,Kalif Raymond,WR,2020.0,15,18.4,1.2266666666666666,4
5,Kalif Raymond,WR,2021.0,16,84.4,5.275,5
0,Brandon Bolden,RB,2012.0,10,40.5,4.05,0
1,Brandon Bolden,RB,2013.0,12,60.3,5.0249999999999995,1
2,Brandon Bolden,RB,2014.0,16,15.7,0.98125,2
3,Brandon Bolden,RB,2015.0,15,51.0,3.4,3
4,Brandon Bolden,RB,2016.0,14,1.9,0.1357142857142857,4
5,Brandon Bolden,RB,2017.0,16,7.4,0.4625,5
6,Brandon Bolden,RB,2018.0,16,26.4,1.65,6
7,Brandon Bolden,RB,2019.0,15,41.9,2.7933333333333334,7
8,Brandon Bolden,RB,2021.0,17,83.1,4.888235294117647,8
0,Tyler Huntley,QB,2020.0,2,2.9,1.45,0
1,Tyler Huntley,QB,2021.0,7,82.64,11.805714285714286,1
0,Ty Johnson,RB,2019.0,16,36.2,2.2625,0
1,Ty Johnson,RB,2020.0,11,47.3,4.3,1
2,Ty Johnson,RB,2020.0,2,,,2
3,Ty Johnson,RB,2021.0,16,83.1,5.19375,3
0,Mecole Hardman,WR,2019.0,16,93.5,5.84375,0
1,Mecole Hardman,WR,2020.0,16,87.1,5.44375,1
2,Mecole Hardman,WR,2021.0,17,81.9,4.81764705882353,2
0,Mark Ingram,RB,2011.0,10,80.0,8.0,0
1,Mark Ingram,RB,2012.0,16,93.1,5.81875,1
2,Mark Ingram,RB,2013.0,11,51.4,4.672727272727273,2
3,Mark Ingram,RB,2014.0,13,162.9,12.53076923076923,3
4,Mark Ingram,RB,2015.0,12,153.4,12.783333333333333,4
5,Mark Ingram,RB,2016.0,16,196.2,12.2625,5
6,Mark Ingram,RB,2017.0,16,220.0,13.75,6
7,Mark Ingram,RB,2018.0,12,121.5,10.125,7
8,Mark Ingram,RB,2019.0,15,216.5,14.433333333333334,8
9,Mark Ingram,RB,2020.0,11,46.9,4.263636363636364,9
10,Mark Ingram,RB,2021.0,7,43.8,6.257142857142857,10
11,Mark Ingram,RB,2021.0,7,37.8,5.3999999999999995,11
0,Zack Moss,RB,2020.0,13,87.6,6.738461538461538,0
1,Zack Moss,RB,2021.0,13,82.2,6.323076923076924,1
0,Tyrod Taylor,QB,2011.0,3,0.92,0.3066666666666667,0
1,Tyrod Taylor,QB,2012.0,7,18.76,2.68,1
2,Tyrod Taylor,QB,2013.0,3,5.08,1.6933333333333334,2
3,Tyrod Taylor,QB,2014.0,1,,,3
4,Tyrod Taylor,QB,2015.0,14,270.6,19.32857142857143,4
5,Tyrod Taylor,QB,2016.0,15,270.92,18.061333333333334,5
6,Tyrod Taylor,QB,2017.0,15,222.66,14.844,6
7,Tyrod Taylor,QB,2018.0,4,41.42,10.355,7
8,Tyrod Taylor,QB,2019.0,8,6.22,0.7775,8
9,Tyrod Taylor,QB,2020.0,2,9.02,4.51,9
10,Tyrod Taylor,QB,2021.0,6,81.74,13.623333333333333,10
0,Jarvis Landry,WR,2014.0,16,97.4,6.0875,0
1,Jarvis Landry,WR,2015.0,16,165.36,10.335,1
2,Jarvis Landry,WR,2016.0,16,137.3,8.58125,2
3,Jarvis Landry,WR,2017.0,16,148.0,9.25,3
4,Jarvis Landry,WR,2018.0,16,136.12,8.5075,4
5,Jarvis Landry,WR,2019.0,16,154.4,9.65,5
6,Jarvis Landry,WR,2020.0,15,115.96,7.730666666666666,6
7,Jarvis Landry,WR,2021.0,12,81.0,6.75,7
0,Antonio Brown,WR,2010.0,9,16.7,1.8555555555555554,0
1,Antonio Brown,WR,2011.0,16,132.9,8.30625,1
2,Antonio Brown,WR,2012.0,13,111.1,8.546153846153846,2
3,Antonio Brown,WR,2013.0,16,204.9,12.80625,3
4,Antonio Brown,WR,2014.0,16,257.9,16.11875,4
5,Antonio Brown,WR,2015.0,16,252.2,15.7625,5
6,Antonio Brown,WR,2016.0,15,201.3,13.42,6
7,Antonio Brown,WR,2017.0,14,209.3,14.950000000000001,7
8,Antonio Brown,WR,2018.0,15,219.7,14.646666666666667,8
9,Antonio Brown,WR,2019.0,1,12.1,12.1,9
10,Antonio Brown,WR,2020.0,8,72.1,9.0125,10
11,Antonio Brown,WR,2021.0,7,79.1,11.299999999999999,11
0,Rex Burkhead,RB,2013.0,1,,,0
1,Rex Burkhead,RB,2014.0,9,13.6,1.511111111111111,1
2,Rex Burkhead,RB,2015.0,16,16.0,1.0,2
3,Rex Burkhead,RB,2016.0,16,58.9,3.68125,3
4,Rex Burkhead,RB,2017.0,10,99.8,9.98,4
5,Rex Burkhead,RB,2018.0,8,35.7,4.4625,5
6,Rex Burkhead,RB,2019.0,13,74.1,5.699999999999999,6
7,Rex Burkhead,RB,2020.0,10,82.6,8.26,7
8,Rex Burkhead,RB,2021.0,16,79.4,4.9625,8
0,C.J. Uzomah,TE,2015.0,5,0.4,0.08,0
1,C.J. Uzomah,TE,2016.0,10,29.4,2.94,1
2,C.J. Uzomah,TE,2017.0,14,15.2,1.0857142857142856,2
3,C.J. Uzomah,TE,2018.0,16,61.9,3.86875,3
4,C.J. Uzomah,TE,2019.0,16,36.2,2.2625,4
5,C.J. Uzomah,TE,2020.0,2,14.7,7.35,5
6,C.J. Uzomah,TE,2021.0,16,79.3,4.95625,6
0,Darren Waller,TE,2015.0,6,1.8,0.3,0
1,Darren Waller,TE,2016.0,12,20.5,1.7083333333333333,1
2,Darren Waller,TE,2018.0,4,9.6,2.4,2
3,Darren Waller,TE,2019.0,16,131.0,8.1875,3
4,Darren Waller,TE,2020.0,16,171.6,10.725,4
5,Darren Waller,TE,2021.0,11,78.5,7.136363636363637,5
0,Cole Beasley,WR,2012.0,10,12.8,1.28,0
1,Cole Beasley,WR,2013.0,14,48.8,3.4857142857142853,1
2,Cole Beasley,WR,2014.0,16,62.0,3.875,2
3,Cole Beasley,WR,2015.0,16,79.6,4.975,3
4,Cole Beasley,WR,2016.0,16,114.0,7.125,4
5,Cole Beasley,WR,2017.0,15,55.4,3.6933333333333334,5
6,Cole Beasley,WR,2018.0,16,85.2,5.325,6
7,Cole Beasley,WR,2019.0,15,117.8,7.8533333333333335,7
8,Cole Beasley,WR,2020.0,15,125.5,8.366666666666667,8
9,Cole Beasley,WR,2021.0,16,77.3,4.83125,9
0,Tyler Conklin,TE,2018.0,16,7.7,0.48125,0
1,Tyler Conklin,TE,2019.0,15,5.8,0.38666666666666666,1
2,Tyler Conklin,TE,2020.0,16,25.4,1.5875,2
3,Tyler Conklin,TE,2021.0,17,77.3,4.547058823529412,3
0,Deonte Harris,WR,2019.0,14,10.2,0.7285714285714285,0
1,Deonte Harris,WR,2020.0,9,27.7,3.0777777777777775,1
2,Deonte Harris,WR,2021.0,13,77.1,5.93076923076923,2
0,Donovan Peoples-Jones,WR,2020.0,12,44.4,3.6999999999999997,0
1,Donovan Peoples-Jones,WR,2021.0,14,75.7,5.4071428571428575,1
0,Braxton Berrios,WR,2019.0,16,9.5,0.59375,0
1,Braxton Berrios,WR,2020.0,16,60.3,3.76875,1
2,Braxton Berrios,WR,2021.0,16,75.1,4.69375,2
0,Bryan Edwards,WR,2020.0,12,25.3,2.1083333333333334,0
1,Bryan Edwards,WR,2021.0,16,75.1,4.69375,1
0,Kenyan Drake,RB,2016.0,16,40.5,2.53125,0
1,Kenyan Drake,RB,2017.0,16,110.6,6.9125,1
2,Kenyan Drake,RB,2018.0,16,153.2,9.575,2
3,Kenyan Drake,RB,2019.0,8,131.4,16.425,3
4,Kenyan Drake,RB,2019.0,6,32.8,5.466666666666666,4
5,Kenyan Drake,RB,2020.0,15,167.2,11.146666666666667,5
6,Kenyan Drake,RB,2021.0,12,72.5,6.041666666666667,6
0,Nyheim Hines,RB,2018.0,16,97.9,6.11875,0
1,Nyheim Hines,RB,2019.0,16,73.9,4.61875,1
2,Nyheim Hines,RB,2020.0,16,130.2,8.1375,2
3,Nyheim Hines,RB,2021.0,17,72.6,4.270588235294118,3
0,Quez Watkins,WR,2020.0,6,16.6,2.766666666666667,0
1,Quez Watkins,WR,2021.0,17,73.0,4.294117647058823,1
0,Jacoby Brissett,QB,2016.0,3,28.3,9.433333333333334,0
1,Jacoby Brissett,QB,2017.0,16,205.92,12.87,1
2,Jacoby Brissett,QB,2018.0,4,0.16,0.04,2
3,Jacoby Brissett,QB,2019.0,15,216.68,14.445333333333334,3
4,Jacoby Brissett,QB,2020.0,11,20.78,1.8890909090909092,4
5,Jacoby Brissett,QB,2021.0,11,72.32,6.574545454545454,5
0,David Njoku,TE,2017.0,16,62.7,3.91875,0
1,David Njoku,TE,2018.0,16,87.9,5.49375,1
2,David Njoku,TE,2019.0,4,10.1,2.525,2
3,David Njoku,TE,2020.0,13,33.3,2.5615384615384613,3
4,David Njoku,TE,2021.0,16,71.6,4.475,4
0,Corey Davis,WR,2017.0,11,35.5,3.227272727272727,0
1,Corey Davis,WR,2018.0,16,118.6,7.4125,1
2,Corey Davis,WR,2019.0,15,72.1,4.806666666666667,2
3,Corey Davis,WR,2020.0,14,126.4,9.028571428571428,3
4,Corey Davis,WR,2021.0,9,71.2,7.911111111111111,4
0,Gerald Everett,TE,2017.0,16,35.7,2.23125,0
1,Gerald Everett,TE,2018.0,16,54.1,3.38125,1
2,Gerald Everett,TE,2019.0,13,52.8,4.061538461538461,2
3,Gerald Everett,TE,2020.0,16,51.9,3.24375,3
4,Gerald Everett,TE,2021.0,15,69.8,4.653333333333333,4
0,Nick Westbrook-Ikhine,WR,2020.0,14,3.3,0.2357142857142857,0
1,Nick Westbrook-Ikhine,WR,2021.0,16,69.6,4.35,1
0,Ronald Jones II,RB,2018.0,9,13.8,1.5333333333333334,0
1,Ronald Jones II,RB,2019.0,16,135.3,8.45625,1
2,Ronald Jones II,RB,2020.0,14,158.3,11.307142857142859,2
3,Ronald Jones II,RB,2021.0,16,69.2,4.325,3
0,Nelson Agholor,WR,2015.0,13,32.3,2.4846153846153842,0
1,Nelson Agholor,WR,2016.0,15,50.0,3.3333333333333335,1
2,Nelson Agholor,WR,2017.0,16,131.7,8.23125,2
3,Nelson Agholor,WR,2018.0,16,101.4,6.3375,3
4,Nelson Agholor,WR,2019.0,11,55.0,5.0,4
5,Nelson Agholor,WR,2020.0,16,137.6,8.6,5
6,Nelson Agholor,WR,2021.0,15,66.4,4.426666666666667,6
0,Randall Cobb,WR,2011.0,15,50.0,3.3333333333333335,0
1,Randall Cobb,WR,2012.0,15,160.6,10.706666666666667,1
2,Randall Cobb,WR,2013.0,6,75.1,12.516666666666666,2
3,Randall Cobb,WR,2014.0,16,202.4,12.65,3
4,Randall Cobb,WR,2015.0,16,129.9,8.11875,4
5,Randall Cobb,WR,2016.0,13,88.3,6.792307692307692,5
6,Randall Cobb,WR,2017.0,15,93.4,6.2266666666666675,6
7,Randall Cobb,WR,2018.0,9,48.3,5.366666666666666,7
8,Randall Cobb,WR,2019.0,15,100.2,6.680000000000001,8
9,Randall Cobb,WR,2020.0,10,62.1,6.21,9
10,Randall Cobb,WR,2021.0,12,65.6,5.466666666666666,10
0,Jalen Guyton,WR,2019.0,3,,,0
1,Jalen Guyton,WR,2020.0,16,69.1,4.31875,1
2,Jalen Guyton,WR,2021.0,16,66.2,4.1375,2
0,Khalil Herbert,RB,2021.0,17,64.9,3.8176470588235296,0
0,Trey Lance,QB,2021.0,6,64.92,10.82,0
0,Justin Jackson,RB,2018.0,13,46.1,3.5461538461538464,0
1,Justin Jackson,RB,2019.0,7,22.2,3.1714285714285713,1
2,Justin Jackson,RB,2020.0,9,46.3,5.144444444444444,2
3,Justin Jackson,RB,2021.0,14,64.2,4.585714285714286,3
0,DeVante Parker,WR,2015.0,14,67.4,4.814285714285715,0
1,DeVante Parker,WR,2016.0,15,98.4,6.5600000000000005,1
2,DeVante Parker,WR,2017.0,13,73.0,5.615384615384615,2
3,DeVante Parker,WR,2018.0,11,36.9,3.3545454545454545,3
4,DeVante Parker,WR,2019.0,16,174.2,10.8875,4
5,DeVante Parker,WR,2020.0,14,103.3,7.378571428571428,5
6,DeVante Parker,WR,2021.0,10,63.5,6.35,6
0,Laviska Shenault Jr.,WR,2020.0,14,99.2,7.085714285714286,0
1,Laviska Shenault Jr.,WR,2021.0,16,64.3,4.01875,1
0,DeAndre Carter,WR,2018.0,7,2.1,0.3,0
1,DeAndre Carter,WR,2018.0,7,18.2,2.6,1
2,DeAndre Carter,WR,2019.0,16,14.3,0.89375,2
3,DeAndre Carter,WR,2020.0,4,,,3
4,DeAndre Carter,WR,2020.0,9,-1.2,-0.13333333333333333,4
5,DeAndre Carter,WR,2021.0,17,62.5,3.676470588235294,5
0,Freddie Swain,WR,2020.0,16,27.9,1.74375,0
1,Freddie Swain,WR,2021.0,17,61.9,3.6411764705882352,1
0,Jordan Howard,RB,2016.0,15,201.1,13.406666666666666,0
1,Jordan Howard,RB,2017.0,16,176.7,11.04375,1
2,Jordan Howard,RB,2018.0,16,160.0,10.0,2
3,Jordan Howard,RB,2019.0,10,101.4,10.14,3
4,Jordan Howard,RB,2020.0,2,2.7,1.35,4
5,Jordan Howard,RB,2020.0,5,27.1,5.42,5
6,Jordan Howard,RB,2021.0,7,60.5,8.642857142857142,6
0,Cole Kmet,TE,2020.0,16,34.0,2.125,0
1,Cole Kmet,TE,2021.0,17,61.2,3.6,1
0,Henry Ruggs III,WR,2020.0,13,58.1,4.469230769230769,0
1,Henry Ruggs III,WR,2021.0,7,60.5,8.642857142857142,1
0,Marquez Valdes-Scantling,WR,2018.0,16,73.0,4.5625,0
1,Marquez Valdes-Scantling,WR,2019.0,16,58.1,3.63125,1
2,Marquez Valdes-Scantling,WR,2020.0,16,104.7,6.54375,2
3,Marquez Valdes-Scantling,WR,2021.0,11,61.0,5.545454545454546,3
0,Alex Collins,RB,2016.0,11,24.9,2.2636363636363637,0
1,Alex Collins,RB,2017.0,15,148.0,9.866666666666667,1
2,Alex Collins,RB,2018.0,10,93.6,9.36,2
3,Alex Collins,RB,2020.0,3,20.1,6.7,3
4,Alex Collins,RB,2021.0,11,59.8,5.4363636363636365,4
0,Josh Palmer,WR,2021.0,17,59.9,3.523529411764706,0
0,Jamison Crowder,WR,2015.0,16,74.6,4.6625,0
1,Jamison Crowder,WR,2016.0,16,130.5,8.15625,1
2,Jamison Crowder,WR,2017.0,15,95.0,6.333333333333333,2
3,Jamison Crowder,WR,2018.0,9,53.8,5.977777777777778,3
4,Jamison Crowder,WR,2019.0,16,119.7,7.48125,4
5,Jamison Crowder,WR,2020.0,12,113.02,9.418333333333333,5
6,Jamison Crowder,WR,2021.0,12,58.7,4.891666666666667,6
0,Zay Jones,WR,2017.0,15,43.6,2.9066666666666667,0
1,Zay Jones,WR,2018.0,16,109.2,6.825,1
2,Zay Jones,WR,2019.0,10,15.0,1.5,2
3,Zay Jones,WR,2019.0,5,6.9,1.3800000000000001,3
4,Zay Jones,WR,2020.0,16,22.56,1.41,4
5,Zay Jones,WR,2021.0,17,58.9,3.4647058823529413,5
0,Olamide Zaccheaus,WR,2019.0,10,17.5,1.75,0
1,Olamide Zaccheaus,WR,2020.0,11,33.4,3.036363636363636,1
2,Olamide Zaccheaus,WR,2021.0,17,58.8,3.4588235294117644,2
0,Rashod Bateman,WR,2021.0,12,57.5,4.791666666666667,0
0,Jauan Jennings,WR,2021.0,16,58.2,3.6375,0
0,Evan Engram,TE,2017.0,15,109.6,7.306666666666667,0
1,Evan Engram,TE,2018.0,11,81.3,7.390909090909091,1
2,Evan Engram,TE,2019.0,8,65.4,8.175,2
3,Evan Engram,TE,2020.0,16,78.0,4.875,3
4,Evan Engram,TE,2021.0,15,56.5,3.7666666666666666,4
0,Michael Gallup,WR,2018.0,16,64.7,4.04375,0
1,Michael Gallup,WR,2019.0,14,146.7,10.478571428571428,1
2,Michael Gallup,WR,2020.0,16,114.3,7.14375,2
3,Michael Gallup,WR,2021.0,9,56.5,6.277777777777778,3
0,Zach Pascal,WR,2018.0,16,40.2,2.5125,0
1,Zach Pascal,WR,2019.0,16,94.3,5.89375,1
2,Zach Pascal,WR,2020.0,16,92.9,5.80625,2
3,Zach Pascal,WR,2021.0,16,56.5,3.53125,3
0,Mo Alie-Cox,TE,2018.0,9,25.3,2.8111111111111113,0
1,Mo Alie-Cox,TE,2019.0,16,9.3,0.58125,1
2,Mo Alie-Cox,TE,2020.0,15,49.4,3.2933333333333334,2
3,Mo Alie-Cox,TE,2021.0,17,55.6,3.2705882352941176,3
0,DeSean Jackson,WR,2008.0,16,119.7,7.48125,0
1,DeSean Jackson,WR,2009.0,15,199.3,13.286666666666667,1
2,DeSean Jackson,WR,2010.0,14,162.0,11.571428571428571,2
3,DeSean Jackson,WR,2011.0,15,122.2,8.146666666666667,3
4,DeSean Jackson,WR,2012.0,11,81.3,7.390909090909091,4
5,DeSean Jackson,WR,2013.0,16,187.4,11.7125,5
6,DeSean Jackson,WR,2014.0,15,153.6,10.24,6
7,DeSean Jackson,WR,2015.0,9,74.8,8.31111111111111,7
8,DeSean Jackson,WR,2016.0,15,124.5,8.3,8
9,DeSean Jackson,WR,2017.0,14,88.6,6.328571428571428,9
10,DeSean Jackson,WR,2018.0,12,110.3,9.191666666666666,10
11,DeSean Jackson,WR,2019.0,3,27.9,9.299999999999999,11
12,DeSean Jackson,WR,2020.0,5,30.8,6.16,12
13,DeSean Jackson,WR,2021.0,9,27.7,3.0777777777777775,13
14,DeSean Jackson,WR,2021.0,7,28.1,4.014285714285714,14
0,Samaje Perine,RB,2017.0,16,86.5,5.40625,0
1,Samaje Perine,RB,2018.0,5,3.7,0.74,1
2,Samaje Perine,RB,2019.0,1,1.6,1.6,2
3,Samaje Perine,RB,2019.0,6,,,3
4,Samaje Perine,RB,2020.0,16,54.7,3.41875,4
5,Samaje Perine,RB,2021.0,16,56.2,3.5125,5
0,Tre'Quan Smith,WR,2018.0,15,72.7,4.846666666666667,0
1,Tre'Quan Smith,WR,2019.0,11,53.4,4.8545454545454545,1
2,Tre'Quan Smith,WR,2020.0,14,69.1,4.935714285714285,2
3,Tre'Quan Smith,WR,2021.0,11,55.7,5.0636363636363635,3
0,Austin Hooper,TE,2016.0,14,45.1,3.2214285714285715,0
1,Austin Hooper,TE,2017.0,16,70.7,4.41875,1
2,Austin Hooper,TE,2018.0,16,92.0,5.75,2
3,Austin Hooper,TE,2019.0,13,116.7,8.976923076923077,3
4,Austin Hooper,TE,2020.0,13,67.5,5.1923076923076925,4
5,Austin Hooper,TE,2021.0,16,52.5,3.28125,5
0,Duke Johnson,RB,2015.0,16,103.3,6.45625,0
1,Duke Johnson,RB,2016.0,16,91.2,5.7,1
2,Duke Johnson,RB,2017.0,16,142.1,8.88125,2
3,Duke Johnson,RB,2018.0,16,85.6,5.35,3
4,Duke Johnson,RB,2019.0,16,110.0,6.875,4
5,Duke Johnson,RB,2020.0,11,56.4,5.127272727272727,5
6,Duke Johnson,RB,2021.0,5,55.1,11.02,6
0,Rondale Moore,WR,2021.0,14,55.1,3.935714285714286,0
0,Foster Moreau,TE,2019.0,13,47.4,3.646153846153846,0
1,Foster Moreau,TE,2020.0,16,26.0,1.625,1
2,Foster Moreau,TE,2021.0,17,55.3,3.2529411764705882,2
0,Dontrell Hilliard,RB,2018.0,11,8.5,0.7727272727272727,0
1,Dontrell Hilliard,RB,2019.0,14,26.1,1.8642857142857143,1
2,Dontrell Hilliard,RB,2020.0,5,5.0,1.0,2
3,Dontrell Hilliard,RB,2020.0,2,,,3
4,Dontrell Hilliard,RB,2021.0,8,53.7,6.7125,4
0,Geno Smith,QB,2013.0,16,193.74,12.10875,0
1,Geno Smith,QB,2014.0,14,150.8,10.771428571428572,1
2,Geno Smith,QB,2015.0,1,20.0,20.0,2
3,Geno Smith,QB,2016.0,2,7.94,3.97,3
4,Geno Smith,QB,2017.0,2,9.78,4.89,4
5,Geno Smith,QB,2018.0,5,0.82,0.16399999999999998,5
6,Geno Smith,QB,2020.0,1,1.12,1.12,6
7,Geno Smith,QB,2021.0,4,54.28,13.57,7
0,Ameer Abdullah,RB,2015.0,16,92.0,5.75,0
1,Ameer Abdullah,RB,2016.0,2,21.8,10.9,1
2,Ameer Abdullah,RB,2017.0,14,99.4,7.1000000000000005,2
3,Ameer Abdullah,RB,2018.0,7,1.0,0.14285714285714285,3
4,Ameer Abdullah,RB,2018.0,3,-0.1,-0.03333333333333333,4
5,Ameer Abdullah,RB,2019.0,16,24.3,1.51875,5
6,Ameer Abdullah,RB,2020.0,16,22.0,1.375,6
7,Ameer Abdullah,RB,2021.0,6,4.7,0.7833333333333333,7
8,Ameer Abdullah,RB,2021.0,11,46.8,4.254545454545454,8
0,Jamal Agnew,WR,2017.0,13,8.7,0.6692307692307692,0
1,Jamal Agnew,WR,2018.0,6,1.7,0.2833333333333333,1
2,Jamal Agnew,WR,2019.0,13,-1.1,-0.08461538461538462,2
3,Jamal Agnew,WR,2020.0,14,10.2,0.7285714285714285,3
4,Jamal Agnew,WR,2021.0,10,46.0,4.6,4
0,Kenny Golladay,WR,2017.0,11,66.6,6.054545454545454,0
1,Kenny Golladay,WR,2018.0,15,137.1,9.139999999999999,1
2,Kenny Golladay,WR,2019.0,16,183.0,11.4375,2
3,Kenny Golladay,WR,2020.0,5,45.8,9.16,3
4,Kenny Golladay,WR,2021.0,14,52.1,3.7214285714285715,4
0,Josh Reynolds,WR,2017.0,16,16.4,1.025,0
1,Josh Reynolds,WR,2018.0,16,71.2,4.45,1
2,Josh Reynolds,WR,2019.0,16,40.9,2.55625,2
3,Josh Reynolds,WR,2020.0,16,72.3,4.51875,3
4,Josh Reynolds,WR,2021.0,5,9.0,1.8,4
5,Josh Reynolds,WR,2021.0,7,42.6,6.085714285714286,5
0,Keelan Cole,WR,2017.0,16,90.8,5.675,0
1,Keelan Cole,WR,2018.0,16,51.1,3.19375,1
2,Keelan Cole,WR,2019.0,16,54.7,3.41875,2
3,Keelan Cole,WR,2020.0,16,100.4,6.275,3
4,Keelan Cole,WR,2021.0,15,50.9,3.393333333333333,4
0,Nico Collins,WR,2021.0,14,50.6,3.6142857142857143,0
0,T.Y. Hilton,WR,2012.0,15,137.0,9.133333333333333,0
1,T.Y. Hilton,WR,2013.0,16,138.9,8.68125,1
2,T.Y. Hilton,WR,2014.0,15,176.5,11.766666666666667,2
3,T.Y. Hilton,WR,2015.0,16,142.4,8.9,3
4,T.Y. Hilton,WR,2016.0,16,182.8,11.425,4
5,T.Y. Hilton,WR,2017.0,16,118.6,7.4125,5
6,T.Y. Hilton,WR,2018.0,14,163.0,11.642857142857142,6
7,T.Y. Hilton,WR,2019.0,10,80.1,8.01,7
8,T.Y. Hilton,WR,2020.0,15,108.2,7.213333333333334,8
9,T.Y. Hilton,WR,2021.0,10,51.1,5.11,9
0,Drew Lock,QB,2019.0,5,68.0,13.6,0
1,Drew Lock,QB,2020.0,13,181.32,13.947692307692307,1
2,Drew Lock,QB,2021.0,6,50.88,8.48,2
0,Jack Doyle,TE,2013.0,15,2.3,0.15333333333333332,0
1,Jack Doyle,TE,2014.0,16,23.8,1.4875,1
2,Jack Doyle,TE,2015.0,16,13.2,0.825,2
3,Jack Doyle,TE,2016.0,16,86.4,5.4,3
4,Jack Doyle,TE,2017.0,15,89.0,5.933333333333334,4
5,Jack Doyle,TE,2018.0,6,34.5,5.75,5
6,Jack Doyle,TE,2019.0,16,68.8,4.3,6
7,Jack Doyle,TE,2020.0,14,41.1,2.935714285714286,7
8,Jack Doyle,TE,2021.0,17,50.2,2.9529411764705884,8
0,Devin Duvernay,WR,2020.0,16,33.2,2.075,0
1,Devin Duvernay,WR,2021.0,16,44.2,2.7625,1
0,Cameron Brate,TE,2014.0,5,1.7,0.33999999999999997,0
1,Cameron Brate,TE,2015.0,14,46.8,3.3428571428571425,1
2,Cameron Brate,TE,2016.0,15,114.0,7.6,2
3,Cameron Brate,TE,2017.0,16,95.1,5.94375,3
4,Cameron Brate,TE,2018.0,16,62.9,3.93125,4
5,Cameron Brate,TE,2019.0,16,55.1,3.44375,5
6,Cameron Brate,TE,2020.0,16,40.2,2.5125,6
7,Cameron Brate,TE,2021.0,17,48.5,2.8529411764705883,7
0,David Johnson,RB,2015.0,16,179.8,11.2375,0
1,David Johnson,RB,2016.0,16,327.8,20.4875,1
2,David Johnson,RB,2017.0,1,7.0,7.0,2
3,David Johnson,RB,2018.0,16,196.6,12.2875,3
4,David Johnson,RB,2019.0,13,105.5,8.115384615384615,4
5,David Johnson,RB,2020.0,12,146.5,12.208333333333334,5
6,David Johnson,RB,2021.0,13,49.3,3.792307692307692,6
0,Julio Jones,WR,2011.0,13,147.5,11.346153846153847,0
1,Julio Jones,WR,2012.0,16,182.8,11.425,1
2,Julio Jones,WR,2013.0,5,68.7,13.74,2
3,Julio Jones,WR,2014.0,15,193.4,12.893333333333334,3
4,Julio Jones,WR,2015.0,16,239.1,14.94375,4
5,Julio Jones,WR,2016.0,14,176.9,12.635714285714286,5
6,Julio Jones,WR,2017.0,16,163.9,10.24375,6
7,Julio Jones,WR,2018.0,16,212.9,13.30625,7
8,Julio Jones,WR,2019.0,15,175.1,11.673333333333334,8
9,Julio Jones,WR,2020.0,9,95.1,10.566666666666666,9
10,Julio Jones,WR,2021.0,10,49.4,4.9399999999999995,10
0,Allen Robinson,WR,2014.0,10,68.8,6.88,0
1,Allen Robinson,WR,2015.0,16,224.0,14.0,1
2,Allen Robinson,WR,2016.0,16,126.3,7.89375,2
3,Allen Robinson,WR,2017.0,1,1.7,1.7,3
4,Allen Robinson,WR,2018.0,13,98.3,7.561538461538461,4
5,Allen Robinson,WR,2019.0,16,156.9,9.80625,5
6,Allen Robinson,WR,2020.0,16,160.9,10.05625,6
7,Allen Robinson,WR,2021.0,12,49.0,4.083333333333333,7
0,Laquon Treadwell,WR,2016.0,9,1.5,0.16666666666666666,0
1,Laquon Treadwell,WR,2017.0,16,20.0,1.25,1
2,Laquon Treadwell,WR,2018.0,15,36.2,2.4133333333333336,2
3,Laquon Treadwell,WR,2019.0,13,24.4,1.876923076923077,3
4,Laquon Treadwell,WR,2020.0,5,16.9,3.38,4
5,Laquon Treadwell,WR,2021.0,12,49.4,4.116666666666666,5
0,Derrick Gore,RB,2021.0,11,48.1,4.372727272727273,0
0,Jerry Jeudy,WR,2020.0,16,105.6,6.6,0
1,Jerry Jeudy,WR,2021.0,10,47.0,4.7,1
0,Mack Hollins,WR,2017.0,16,28.6,1.7875,0
1,Mack Hollins,WR,2019.0,12,12.5,1.0416666666666667,1
2,Mack Hollins,WR,2019.0,4,,,2
3,Mack Hollins,WR,2020.0,16,21.6,1.35,3
4,Mack Hollins,WR,2021.0,17,46.3,2.7235294117647055,4
0,Travis Homer,RB,2019.0,16,17.0,1.0625,0
1,Travis Homer,RB,2020.0,9,23.8,2.6444444444444444,1
2,Travis Homer,RB,2021.0,14,45.8,3.2714285714285714,2
0,Josh Johnson,QB,2009.0,6,40.2,6.7,0
1,Josh Johnson,QB,2010.0,11,8.34,0.7581818181818182,1
2,Josh Johnson,QB,2011.0,9,14.54,1.6155555555555554,2
3,Josh Johnson,QB,2012.0,1,-2.0,-2.0,3
4,Josh Johnson,QB,2013.0,2,2.0,1.0,4
5,Josh Johnson,QB,2018.0,4,49.6,12.4,5
6,Josh Johnson,QB,2021.0,3,25.16,8.386666666666667,6
7,Josh Johnson,QB,2021.0,1,19.16,19.16,7
0,Jeremy McNichols,RB,2017.0,2,,,0
1,Jeremy McNichols,RB,2018.0,1,0.4,0.4,1
2,Jeremy McNichols,RB,2019.0,1,,,2
3,Jeremy McNichols,RB,2020.0,16,31.9,1.99375,3
4,Jeremy McNichols,RB,2021.0,14,45.6,3.257142857142857,4
0,Jaret Patterson,RB,2021.0,17,45.9,2.6999999999999997,0
0,Danny Amendola,WR,2009.0,14,36.4,2.6,0
1,Danny Amendola,WR,2010.0,16,93.0,5.8125,1
2,Danny Amendola,WR,2011.0,1,4.5,4.5,2
3,Danny Amendola,WR,2012.0,11,83.4,7.581818181818182,3
4,Danny Amendola,WR,2013.0,12,75.4,6.283333333333334,4
5,Danny Amendola,WR,2014.0,16,26.0,1.625,5
6,Danny Amendola,WR,2015.0,14,83.34,5.952857142857143,6
7,Danny Amendola,WR,2016.0,12,46.3,3.858333333333333,7
8,Danny Amendola,WR,2017.0,15,77.9,5.193333333333333,8
9,Danny Amendola,WR,2018.0,15,68.42,4.561333333333334,9
10,Danny Amendola,WR,2019.0,15,78.56,5.237333333333334,10
11,Danny Amendola,WR,2020.0,14,60.4,4.314285714285714,11
12,Danny Amendola,WR,2021.0,8,44.8,5.6,12
0,Anthony Firkser,TE,2018.0,12,28.5,2.375,0
1,Anthony Firkser,TE,2019.0,15,26.4,1.76,1
2,Anthony Firkser,TE,2020.0,16,44.7,2.79375,2
3,Anthony Firkser,TE,2021.0,15,45.1,3.006666666666667,3
0,Jalen Reagor,WR,2020.0,11,56.2,5.109090909090909,0
1,Jalen Reagor,WR,2021.0,17,46.1,2.711764705882353,1
0,Damien Williams,RB,2014.0,16,37.3,2.33125,0
1,Damien Williams,RB,2015.0,16,24.1,1.50625,1
2,Damien Williams,RB,2016.0,15,70.4,4.693333333333333,2
3,Damien Williams,RB,2017.0,11,39.7,3.6090909090909093,3
4,Damien Williams,RB,2018.0,16,75.6,4.725,4
5,Damien Williams,RB,2019.0,11,111.1,10.1,5
6,Damien Williams,RB,2021.0,12,45.0,3.75,6
0,Jeff Wilson,RB,2018.0,6,32.4,5.3999999999999995,0
1,Jeff Wilson,RB,2019.0,10,43.9,4.39,1
2,Jeff Wilson,RB,2020.0,12,129.3,10.775,2
3,Jeff Wilson,RB,2021.0,9,44.5,4.944444444444445,3
0,Kyle Juszczyk,RB,2013.0,16,,,0
1,Kyle Juszczyk,RB,2014.0,16,20.2,1.2625,1
2,Kyle Juszczyk,RB,2015.0,16,56.6,3.5375,2
3,Kyle Juszczyk,RB,2016.0,16,36.8,2.3,3
4,Kyle Juszczyk,RB,2017.0,14,36.6,2.6142857142857143,4
5,Kyle Juszczyk,RB,2018.0,16,37.4,2.3375,5
6,Kyle Juszczyk,RB,2019.0,12,30.6,2.5500000000000003,6
7,Kyle Juszczyk,RB,2020.0,16,62.6,3.9125,7
8,Kyle Juszczyk,RB,2021.0,17,43.8,2.576470588235294,8
0,Demarcus Robinson,WR,2016.0,16,,,0
1,Demarcus Robinson,WR,2017.0,16,21.2,1.325,1
2,Demarcus Robinson,WR,2018.0,16,52.8,3.3,2
3,Demarcus Robinson,WR,2019.0,16,68.9,4.30625,3
4,Demarcus Robinson,WR,2020.0,16,62.6,3.9125,4
5,Demarcus Robinson,WR,2021.0,17,44.4,2.611764705882353,5
0,Mike White,QB,2021.0,4,44.02,11.005,0
0,Chris Conley,WR,2015.0,16,25.9,1.61875,0
1,Chris Conley,WR,2016.0,16,53.0,3.3125,1
2,Chris Conley,WR,2017.0,5,17.5,3.5,2
3,Chris Conley,WR,2018.0,16,59.4,3.7125,3
4,Chris Conley,WR,2019.0,16,109.5,6.84375,4
5,Chris Conley,WR,2020.0,15,57.1,3.8066666666666666,5
6,Chris Conley,WR,2021.0,16,42.6,2.6625,6
0,Albert Okwuegbunam,TE,2020.0,4,18.1,4.525,0
1,Albert Okwuegbunam,TE,2021.0,14,43.0,3.0714285714285716,1
0,Darius Slayton,WR,2019.0,14,122.0,8.714285714285714,0
1,Darius Slayton,WR,2020.0,16,91.0,5.6875,1
2,Darius Slayton,WR,2021.0,13,42.6,3.276923076923077,2
0,Kadarius Toney,WR,2021.0,10,43.56,4.356,0
0,Sammy Watkins,WR,2014.0,16,133.0,8.3125,0
1,Sammy Watkins,WR,2015.0,13,158.8,12.215384615384616,1
2,Sammy Watkins,WR,2016.0,8,55.0,6.875,2
3,Sammy Watkins,WR,2017.0,15,107.3,7.153333333333333,3
4,Sammy Watkins,WR,2018.0,10,75.1,7.51,4
5,Sammy Watkins,WR,2019.0,14,86.5,6.178571428571429,5
6,Sammy Watkins,WR,2020.0,10,50.4,5.04,6
7,Sammy Watkins,WR,2021.0,13,43.4,3.338461538461538,7
0,Chris Carson,RB,2017.0,4,32.7,8.175,0
1,Chris Carson,RB,2018.0,14,181.4,12.957142857142857,1
2,Chris Carson,RB,2019.0,15,195.6,13.04,2
3,Chris Carson,RB,2020.0,12,150.8,12.566666666666668,3
4,Chris Carson,RB,2021.0,4,42.1,10.525,4
0,Sterling Shepard,WR,2016.0,16,119.4,7.4625,0
1,Sterling Shepard,WR,2017.0,11,85.5,7.7727272727272725,1
2,Sterling Shepard,WR,2018.0,16,116.5,7.28125,2
3,Sterling Shepard,WR,2019.0,10,84.8,8.48,3
4,Sterling Shepard,WR,2020.0,12,96.5,8.041666666666666,4
5,Sterling Shepard,WR,2021.0,7,41.7,5.957142857142857,5
0,James Washington,WR,2018.0,14,27.7,1.9785714285714284,0
1,James Washington,WR,2019.0,15,89.5,5.966666666666667,1
2,James Washington,WR,2020.0,16,69.2,4.325,2
3,James Washington,WR,2021.0,15,41.8,2.7866666666666666,3
0,Dan Arnold,TE,2018.0,10,21.0,2.1,0
1,Dan Arnold,TE,2019.0,3,22.2,7.3999999999999995,1
2,Dan Arnold,TE,2019.0,2,2.5,1.25,2
3,Dan Arnold,TE,2020.0,16,65.8,4.1125,3
4,Dan Arnold,TE,2021.0,8,32.4,4.05,4
5,Dan Arnold,TE,2021.0,3,8.4,2.8000000000000003,5
0,Harrison Bryant,TE,2020.0,15,37.8,2.52,0
1,Harrison Bryant,TE,2021.0,16,41.3,2.58125,1
0,Tevin Coleman,RB,2015.0,12,40.6,3.3833333333333333,0
1,Tevin Coleman,RB,2016.0,13,160.1,12.315384615384614,1
2,Tevin Coleman,RB,2017.0,15,140.7,9.379999999999999,2
3,Tevin Coleman,RB,2018.0,16,161.6,10.1,3
4,Tevin Coleman,RB,2019.0,14,114.4,8.171428571428573,4
5,Tevin Coleman,RB,2020.0,8,9.8,1.225,5
6,Tevin Coleman,RB,2021.0,11,40.5,3.6818181818181817,6
0,Phillip Lindsay,RB,2018.0,15,187.8,12.520000000000001,0
1,Phillip Lindsay,RB,2019.0,16,162.7,10.16875,1
2,Phillip Lindsay,RB,2020.0,11,59.0,5.363636363636363,2
3,Phillip Lindsay,RB,2021.0,4,12.7,3.175,3
4,Phillip Lindsay,RB,2021.0,10,29.1,2.91,4
0,Colt McCoy,QB,2010.0,8,89.94,11.2425,0
1,Colt McCoy,QB,2011.0,13,160.02,12.30923076923077,1
2,Colt McCoy,QB,2012.0,3,8.86,2.953333333333333,2
3,Colt McCoy,QB,2013.0,4,0.52,0.13,3
4,Colt McCoy,QB,2014.0,5,62.88,12.576,4
5,Colt McCoy,QB,2015.0,2,8.82,4.41,5
6,Colt McCoy,QB,2017.0,1,,,6
7,Colt McCoy,QB,2018.0,3,27.18,9.06,7
8,Colt McCoy,QB,2019.0,1,4.28,4.28,8
9,Colt McCoy,QB,2020.0,4,18.2,4.55,9
10,Colt McCoy,QB,2021.0,8,41.9,5.2375,10
0,Peyton Barber,RB,2016.0,15,31.1,2.0733333333333333,0
1,Peyton Barber,RB,2017.0,16,69.9,4.36875,1
2,Peyton Barber,RB,2018.0,16,130.3,8.14375,2
3,Peyton Barber,RB,2019.0,16,100.5,6.28125,3
4,Peyton Barber,RB,2020.0,16,51.0,3.1875,4
5,Peyton Barber,RB,2021.0,10,39.9,3.9899999999999998,5
0,Juwan Johnson,TE,2020.0,7,3.9,0.5571428571428572,0
1,Juwan Johnson,TE,2021.0,14,39.9,2.85,1
0,Calvin Ridley,WR,2018.0,16,142.8,8.925,0
1,Calvin Ridley,WR,2019.0,13,134.0,10.307692307692308,1
2,Calvin Ridley,WR,2020.0,15,191.5,12.766666666666667,2
3,Calvin Ridley,WR,2021.0,5,40.1,8.02,3
0,Damiere Byrd,WR,2016.0,1,1.6,1.6,0
1,Damiere Byrd,WR,2017.0,8,29.7,3.7125,1
2,Damiere Byrd,WR,2018.0,8,0.8,0.1,2
3,Damiere Byrd,WR,2019.0,11,39.9,3.627272727272727,3
4,Damiere Byrd,WR,2020.0,16,67.9,4.24375,4
5,Damiere Byrd,WR,2021.0,17,38.9,2.288235294117647,5
0,DeeJay Dallas,RB,2020.0,12,39.9,3.3249999999999997,0
1,DeeJay Dallas,RB,2021.0,17,39.1,2.3000000000000003,1
0,Ashton Dulin,WR,2019.0,13,1.7,0.13076923076923078,0
1,Ashton Dulin,WR,2020.0,13,6.4,0.49230769230769234,1
2,Ashton Dulin,WR,2021.0,17,39.2,2.3058823529411767,2
0,Donald Parham,TE,2020.0,13,33.9,2.6076923076923078,0
1,Donald Parham,TE,2021.0,14,39.0,2.7857142857142856,1
0,Ricky Seals-Jones,TE,2017.0,10,38.1,3.81,0
1,Ricky Seals-Jones,TE,2018.0,15,40.3,2.6866666666666665,1
2,Ricky Seals-Jones,TE,2019.0,14,44.9,3.207142857142857,2
3,Ricky Seals-Jones,TE,2020.0,2,,,3
4,Ricky Seals-Jones,TE,2021.0,13,39.5,3.0384615384615383,4
0,Jonnu Smith,TE,2017.0,16,27.7,1.73125,0
1,Jonnu Smith,TE,2018.0,13,43.8,3.369230769230769,1
2,Jonnu Smith,TE,2019.0,16,69.7,4.35625,2
3,Jonnu Smith,TE,2020.0,15,99.2,6.613333333333333,3
4,Jonnu Smith,TE,2021.0,16,39.4,2.4625,4
0,Geoff Swaim,TE,2015.0,4,,,0
1,Geoff Swaim,TE,2016.0,9,6.9,0.7666666666666667,1
2,Geoff Swaim,TE,2017.0,15,2.5,0.16666666666666666,2
3,Geoff Swaim,TE,2018.0,9,30.2,3.3555555555555556,3
4,Geoff Swaim,TE,2019.0,6,6.5,1.0833333333333333,4
5,Geoff Swaim,TE,2020.0,10,14.3,1.4300000000000002,5
6,Geoff Swaim,TE,2021.0,16,39.0,2.4375,6
0,Antoine Wesley,WR,2021.0,15,38.8,2.5866666666666664,0
0,Ryan Griffin,TE,2013.0,15,30.4,2.0266666666666664,0
1,Ryan Griffin,TE,2014.0,16,15.1,0.94375,1
2,Ryan Griffin,TE,2015.0,9,37.1,4.122222222222223,2
3,Ryan Griffin,TE,2016.0,16,54.2,3.3875,3
4,Ryan Griffin,TE,2017.0,7,23.8,3.4,4
5,Ryan Griffin,TE,2018.0,14,30.6,2.185714285714286,5
6,Ryan Griffin,TE,2019.0,13,64.2,4.938461538461539,6
7,Ryan Griffin,TE,2020.0,15,8.6,0.5733333333333334,7
8,Ryan Griffin,TE,2021.0,14,38.1,2.7214285714285715,8
0,Adam Humphries,WR,2015.0,13,32.0,2.4615384615384617,0
1,Adam Humphries,WR,2016.0,15,78.0,5.2,1
2,Adam Humphries,WR,2017.0,16,67.7,4.23125,2
3,Adam Humphries,WR,2018.0,16,112.7,7.04375,3
4,Adam Humphries,WR,2019.0,12,49.5,4.125,4
5,Adam Humphries,WR,2020.0,7,34.8,4.971428571428571,5
6,Adam Humphries,WR,2021.0,17,38.7,2.2764705882352945,6
0,Hayden Hurst,TE,2018.0,12,22.3,1.8583333333333334,0
1,Hayden Hurst,TE,2019.0,16,46.9,2.93125,1
2,Hayden Hurst,TE,2020.0,16,93.1,5.81875,2
3,Hayden Hurst,TE,2021.0,13,38.1,2.930769230769231,3
0,Josiah Deguara,TE,2020.0,2,1.2,0.6,0
1,Josiah Deguara,TE,2021.0,16,36.5,2.28125,1
0,Marquise Goodwin,WR,2013.0,12,45.9,3.8249999999999997,0
1,Marquise Goodwin,WR,2014.0,10,5.0,0.5,1
2,Marquise Goodwin,WR,2015.0,2,2.4,1.2,2
3,Marquise Goodwin,WR,2016.0,15,61.1,4.073333333333333,3
4,Marquise Goodwin,WR,2017.0,16,112.6,7.0375,4
5,Marquise Goodwin,WR,2018.0,11,64.4,5.854545454545455,5
6,Marquise Goodwin,WR,2019.0,9,26.1,2.9000000000000004,6
7,Marquise Goodwin,WR,2021.0,14,37.2,2.6571428571428575,7
0,Jimmy Graham,TE,2010.0,15,65.9,4.3933333333333335,0
1,Jimmy Graham,TE,2011.0,16,195.0,12.1875,1
2,Jimmy Graham,TE,2012.0,15,152.2,10.146666666666667,2
3,Jimmy Graham,TE,2013.0,16,217.5,13.59375,3
4,Jimmy Graham,TE,2014.0,16,144.9,9.05625,4
5,Jimmy Graham,TE,2015.0,11,72.5,6.590909090909091,5
6,Jimmy Graham,TE,2016.0,16,124.3,7.76875,6
7,Jimmy Graham,TE,2017.0,16,114.1,7.13125,7
8,Jimmy Graham,TE,2018.0,16,75.6,4.725,8
9,Jimmy Graham,TE,2019.0,16,62.7,3.91875,9
10,Jimmy Graham,TE,2020.0,16,93.6,5.85,10
11,Jimmy Graham,TE,2021.0,15,36.7,2.4466666666666668,11
0,Lil'Jordan Humphrey,WR,2019.0,5,,,0
1,Lil'Jordan Humphrey,WR,2020.0,3,10.6,3.533333333333333,1
2,Lil'Jordan Humphrey,WR,2021.0,10,36.9,3.69,2
0,Dare Ogunbowale,RB,2017.0,2,,,0
1,Dare Ogunbowale,RB,2018.0,2,,,1
2,Dare Ogunbowale,RB,2019.0,16,40.3,2.51875,2
3,Dare Ogunbowale,RB,2020.0,14,19.9,1.4214285714285713,3
4,Dare Ogunbowale,RB,2021.0,17,37.1,2.182352941176471,4
0,Giovani Bernard,RB,2013.0,16,166.9,10.43125,0
1,Giovani Bernard,RB,2014.0,13,144.9,11.146153846153847,1
2,Giovani Bernard,RB,2015.0,16,132.2,8.2625,2
3,Giovani Bernard,RB,2016.0,10,83.3,8.33,3
4,Giovani Bernard,RB,2017.0,16,109.3,6.83125,4
5,Giovani Bernard,RB,2018.0,12,60.9,5.075,5
6,Giovani Bernard,RB,2019.0,16,38.4,2.4,6
7,Giovani Bernard,RB,2020.0,16,111.1,6.94375,7
8,Giovani Bernard,RB,2021.0,12,36.1,3.0083333333333333,8
0,Matt Breida,RB,2017.0,16,82.5,5.15625,0
1,Matt Breida,RB,2018.0,14,135.5,9.678571428571429,1
2,Matt Breida,RB,2019.0,13,84.3,6.484615384615385,2
3,Matt Breida,RB,2020.0,12,33.0,2.75,3
4,Matt Breida,RB,2021.0,9,35.7,3.966666666666667,4
0,Tyler Johnson,WR,2020.0,14,28.9,2.064285714285714,0
1,Tyler Johnson,WR,2021.0,17,36.0,2.1176470588235294,1
0,Brevin Jordan,TE,2021.0,9,35.8,3.9777777777777774,0
0,Durham Smythe,TE,2018.0,15,5.0,0.3333333333333333,0
1,Durham Smythe,TE,2019.0,16,6.5,0.40625,1
2,Durham Smythe,TE,2020.0,15,32.8,2.1866666666666665,2
3,Durham Smythe,TE,2021.0,17,36.0,2.1176470588235294,3
0,Logan Thomas,TE,2014.0,2,7.24,3.62,0
1,Logan Thomas,TE,2017.0,12,12.7,1.0583333333333333,1
2,Logan Thomas,TE,2018.0,12,8.3,0.6916666666666668,2
3,Logan Thomas,TE,2019.0,16,23.3,1.45625,3
4,Logan Thomas,TE,2020.0,16,104.62,6.53875,4
5,Logan Thomas,TE,2021.0,6,35.6,5.933333333333334,5
0,Adam Trautman,TE,2020.0,15,23.1,1.54,0
1,Adam Trautman,TE,2021.0,13,36.3,2.792307692307692,1
0,Chris Evans,RB,2021.0,14,34.8,2.4857142857142853,0
0,Cyril Grayson,WR,2019.0,2,0.3,0.15,0
1,Cyril Grayson,WR,2020.0,3,,,1
2,Cyril Grayson,WR,2021.0,5,34.6,6.92,2
0,Chris Moore,WR,2016.0,15,12.5,0.8333333333333334,0
1,Chris Moore,WR,2017.0,13,41.9,3.223076923076923,1
2,Chris Moore,WR,2018.0,16,27.3,1.70625,2
3,Chris Moore,WR,2019.0,14,2.1,0.15,3
4,Chris Moore,WR,2020.0,3,,,4
5,Chris Moore,WR,2021.0,12,35.1,2.9250000000000003,5
